Nama,
ADIGUNA EKA SENTRA,
BUANA ARTA TECHSINDO,
BRAYAT WIROHUSODO,
DOLARINDO INTRAVALAS PRIMATAMA,
HADE SUKSES SELARAS,
INDOWOOYANG,
A.W FABER- CASTELL INDONESIA,
AARTI JAYA,
AARTI JAYA VELVET INDUSTRI,
ABACUS CASH SOLUTION,
ABADI MAKMUR ANUGERAH,
ACCES PRIMA NUSANTARA,
ACURRA SOLIDTECH ADISEJAHTERA,
ADILAFI,
ADITYA MANDIRI KONSTRUKSI,
ADVANCED POWER TECH,
ADYACEDA AMANDELIS,
ADYAWINSA STAMPING INDUSTRIES,
AFI COMMUNICATIONS,
AGANSA PRIMATAMA,
AGRA DIPA RAHARJA,
AGRONESIA,
AGUNG RAHARDJA MANUNGGAL YUDHA,
AIKO NEGARA DAHA,
AIRLANGGA JAYA MANDIRI,
AKBAR BUDI SAKTI,
AKSA ETHES NARATAMA,
AKSES MAJU BERSAMA,
ALFATIH INDO TEKNOLOGI,
ALMASGAS,
ALTHAF FAJAR MANDIRI,
AMANAH MITRA MANDIRI,
AMARYLLIS WIJAYA KUSUMA,
AMONG INSAN UTAMA,
ANABA INDONESIA,
ANDALIRA CIA ABADI,
ANEKA PIRANTI INTIKARSA,
ANEWA CIA INDONESIA,
ANGEL JAYA GLOBALINDO,
ANTINA MANDIRI SEJAHTERA,
ANUGERAH CAHYA PERKASA,
ANUGERAH KALINDO UTAMA,
ANUGERAH PATRIAWIRA,
ANUGERAH SENTRA MEDIKA,
ANUGRAH BUMI CIHERANG,
ANUGRAH TATA SARANA,
ANUGRAHMITRA SELARAS,
ARDA CIA KEMASINDO,
ARIF JAYA MAKMUR,
ARMAS LOGISTIC SERVICE,
AROW MULTI USAHA,
ARRA MANDIRI ENERGY,
ARTA CITRA HARMONI,
ARTAMAS KURNIA,
ARTHA MANDIRI ALKESINDO,
ARTHA SABENA PUTRA,
ARTHA UTAMA GEMILANG FOODINDO,
ARYA MITRA TRANS LOGISTIK,
ARYA SATYA TUNGGAL ALUMINIUM,
ARYANATA SEJAHTERA LESTARI,
AS PUTRA,
ASA PANCA CIA OIMA,
ASHYA JAYA INDUSTRI,
ASIA JAYA FOOD,
ASIA MATAHARI KUAT,
ASIA PUPUK GUNA LESTARI,
ASIA ROMA INDONESIA,
ASP LAND DEVELOPMENT,
ASRI KARYA LESTARI,
ASRILAND,
ASTRA INTERNASIONAL TBK,
ASTRA INTERNATIONAL TBK,
ASURANSI ASKRIDA SYARIAH,
AUTO PAINT MOBILINDO,
AWLA SYNERGY ABADI,
AYAM GORENG FATMAWATI INDONESIA,
BAAJ GLOBAL MANDIRI,
BACH COFFEE INDONESIA,
BAGUS JAYA KAROSERI,
BAHANA TOTALINDO TEKNIK,
BAHTERA LAJU NUSANTARA,
BALINA AGUNG PERKASA,
BALUBUR JAYA PRATAMA,
BANDUNG DIGITAL GROUP,
BANDUNG KERAMIK,
BANDUNG PAKAR,
BANGUN BERKAT JAYA LESTARI,
BANGUN PRESTASI BERSAMA,
BANGUN RASAGUNA LESTARI,
BANGUNJAYA MITRA SEJAHTERA,
BANK BTPN SYARIAH TBK,
BANK JABAR BANTEN SYARIAH,
BANK JABAR BANTEN SYARIAH KCP LEMBANG,
BANK JABAR GARUT,
BANK MULTIARTA SENTOSA,
BANK PERKREDITAN RAKYAT BRINGIN DANA SEJAHTERA,
BANK PERKREDITAN RAKYAT KARYA KURNIAUTAMA,
BANK PERKREDITAN RAKYAT KREDIT MANDIRI INDONESIA,
BANK PERKREDITAN RAKYAT NATA CITRAPERDANA,
BANK PERKREDITAN RAKYAT PANJAWAN MITRA USAHA,
BANK PERKREDITAN RAKYAT SIRAYA KARYA BAKTI,
BANK PERKREDITAN RAKYAT TUTUR GANDA,
BANK PERKREDITAN RAKYAT VARIA CENTRALARTHA,
BANK RAKYAT INDONESIA ( PERSERO ) TBK,
BANK RAKYAT INDONESIA (PERSERO ) TBK,
BANK RAKYAT INDONESIA (PERSERO) TBK,
BANK SYARIAH INDONESIA, TBK
BANK TABUNGAN PENSIUNAN NASIONAL SYARIAH TBK,
BANYU ENERGI TEKNINDO,
BARA TRANS PERKASA,
BAROKAH SEJAHTERA TEKNIK,
BATTLEXS ANUGERAH ABADI,
BAYU BUANA GEMILANG,
BAYU SINERGI,
BCH INTERNATIONAL,
BELA ANUGERAH ESA,
BELA PARAHIYANGAN INVESTINDO,
BELAPUTERA INTILAND,
BENEFITA INDONESIA,
BENTARA KARYA MULIA,
BEA SEJAHTERA BERSAMA,
BERDIKARI INDO SUPER GROSIR,
BERKAH DUA PILAR,
BERKAT ANUGERAH MULIA,
BERKAT BUNDA MELIMPAH,
BERKAT CITRANI MITRA SEJATI,
BERKAT MAKSIMAL IKHTIAR,
BERKAT MULIA PRATAMA,
BERKAT PUTRA MANDIRI,
BERKAT SEJATI TRANSINDO,
BERKAT TECHNICA ABADI,
BERTINDO MITRA UTAMA,
BESTOW HARAPAN INDAH,
BILANG TEKNO PERSADA,
BIMA ADIKARYA PERSADA,
BIMA PERKASINDO,
BIMETA KARNUSA,
BINA CITRA UTAMA SEJAHTERA,
BINA PERKASA TEKNIK,
BINABINTANG PRIANGAN,
BINAVALASINDO DOLARASIA SEJAHTERA UTAMA,
BINTANG CHEMICAL ABADI,
BINTANG CIAPERKASA,
BINTANG KEMAKMURAN,
BINTANG MAHAMERU SEJAHTERA,
BINTANG TOEDJOE,
BIOCARE SEJAHTERA,
BIOSANT TIRTA LESTARI,
BIRO PERJALANAN WISATA NEEKOI,
BOGOR RAYA ECOPARK,
BOTRAM MAHKOTA PARAHYANGAN,
BPFILTERS INDONESIA MANDIRI,
BPR ARTHA JAYA MANDIRI,
BPR BANJAR ARTHASARIGUNA,
BPR BUMI BANDUNG KENCANA,
BPR CILEUNGSI KRIDASEJAHTERA,
BPR DANA MANDIRI BOGOR,
BPR DUTA ARTHA SEJAHTERA,
BPR HASA MITRA JAWA BARAT,
BPR NUSAMBA SINGAPARNA,
BPR NUSANTARA BONA PASOGIT 19,
BPR SUPRA ARTAPERSADA,
BPR TUTUR GANDA CABANG KUNINGAN,
BPR UKABIMA LUMBUNG SEJAHTERA,
BRAGA TEXCHEM INDUSTRY,
BUDI MAKMUR PERKASA,
BUKIT MAKMUR MANDIRI UTAMA,
BUKIT WARNA ABADI,
BULINDO BANGUN LESTARI,
BUMI KENCANA INDAH,
BUMI NINI PANGAN INDONESIA,
BUMI SENTOSA MAKMUR,
BUMI SURYA ANUGERAH PUTRA,
BUMINDO SARANA TRANSPORTASI,
CAHAYA AULIA TEKNIKA,
CAHAYA BEKASI BAJATAMA,
CAHAYA BENTENG MAS,
CAHAYA CIA MANDIRI,
CAHAYA MUTIARA BUNDA,
CAHAYA TRIARTHA MULIA,
CAKRABUANA PESONA,
CAPREFINDO,
CARMELLA GUSTAVINDO,
CENTRAL TEXINDO,
CENTRALINK SENTOSA,
CHINLI PLASTIC MATERIALS,
CHINLI PLASTIC MATERIALS INDONESIA,
CIANJUR SUGIH MUKTI,
CIBUBUR INDAH MOTOR,
CIKAL BUANA PERSADA,
CIA BARAYA LOGISTIK,
CIA DAYA MALINDO,
CIA DWIKARYA INTERNASIONAL,
CIA KARYA MANDIRI,
CIA MANDIRI ELEKTRINDO,
CIAPRESISI SARANA TEKSINDO,
CITRA ABADI TEKNIK INDONESIA,
CITRA BONANG,
CITRA CELEBAS MULTIMEDIA,
CITRA CIANJUR PRIMA,
CITRA EKSA DJAJA,
CITRA GRAFIKA SEJAHTERA,
CITRA KAMOJANG SEJAHTERA,
CITRA KURNIA CHEMINDO,
CITRA MENARA MAS,
CITRAPRIMA EKASHAKTI,
COSMA MITRA SEJAHTERA,
CRK FILM INDONESIA,
CSM CORPORATAMA,
CYBERPLUS MEDIA PRATAMA,
DAMAR DELAPAN UTAMA,
DAMAS CIA MANDIRI,
DANS SEHAT FARMA,
DASA PRIMA,
DATAKOM STRATA TIGA,
DAYA ANUGRAH MANDIRI,
DAYA MITRA TEKINDO,
DEASSY SUKSES MULTI USAHA,
DEHACO PRATAMA PUTRA,
DELTA KAPUAS SUKSESINDO,
DELTA PETRO,
DELTA SURYA PERSADA,
DHANAR MAS CONCERN,
DHARMA JAYA LAKSANA UTAMA,
DHARMATAMA INTI LESTARI,
DIAN PURI KARTA,
DIGITAL OTOMA SOLUSI,
DIPO STAR FINANCE,
DISTRIVERSA BUANAMAS,
DITRACO BANGUN SARANA INTERNASIONAL,
DRAF GASITAS,
DUA PUTRA PERKASA PRATAMA,
DUA PUTRA SRIKANDI,
DUTA ANUGRAH DAMAI SEJAHTERA,
DUTA ENERGI ARTHABUMI,
DUTA GRAFIKA INDONESIA,
DUTA KALASUBA NUSANTARA,
DUTA KEMAS INDONESIA,
DUTARAYA INVESTINDO,
DWIHANDAL HADETRADA INDONESIA,
DWIKARYA INDONESIA MANDIRI,
DYMATIC CHEMICALS INDONESIA,
EDIFLY SOLUSI INDONESIA,
EIGERINDO MULTI PRODUK INDUSTRI,
EKA SUMBER ABADI,
EKA SURYA WIJAYA,
EKAMANT INDONESIA,
EKSPANINDO PRIMA MULTIMEDIA,
ELANG BATUAH INDONESIA,
ELANGPERDANA TYRE INDUSTRY,
ELEKTRIKA MULTIKATAMA,
ELMINA SEVICE HAJJ,
ELPRIMA KENCANA,
EMART PRATAMA CADOFA,
ENERGI ENTELEMI INDONESIA,
ENESERS MITRA BERKAH,
ENSEVAL PUTERA MEGATRADING TBK,
ERA PERMATA SEJAHTERA,
ERA WARNA MANDIRI,
ERVIX MEDIKA UTAMA,
ETEDAAL PETRO SERVICES,
EXCELINDO RAJA ABADI,
FAHER HAYAD BERSATU,
FAHREZA DUTA PERKASA,
FAJAR BUANA INTERNUSA TRANS,
FAMED CALIBRATION,
FASTERINDO FORMWORK INDONESIA,
FERINATEX JAYA,
FLOREX FARMINDO,
FRISANSHA ANUGERAH ALKESINDO,
GABY BERKAT SEJAHTERA,
GAJAH KEMBAR MAKMUR,
GANDA PUTERA INSAS,
GAPURA KERO,
GAPURA MANDIRI SEMESTA,
GARDA TOTAL SECURINDO,
GARUDA GEMILANG INDONESIA,
GARUDA NUSANTARA STEEL,
GARUDAFOOD PUTRA PUTRI JAYA Tbk,
GEMERLAP JAYA PRIMA,
GEMILANG PRIMA UTAMA,
GENTA BUANA ENGINEERING,
GERBANG KARYA SENTOSA,
GHEWANTIKA KONSTRUKSI,
GIPSINDO GRAHATAMA,
GIZI PANGAN UTAMA,
GLOBAL ASIA CHEMICALS,
GLOBAL CITRA PRIMAKARYA,
GLOBAL DAIRI ALAMI,
GLOBAL SEJAHTERA KEMASINDO,
GLOBAL SOLUSI SEJAHTERA,
GLOBAL TEKNOLOGI TERAINDO,
GOLDTEK UTAMA MANDIRI,
GRACIA JAYA MAKMUR,
GRAHA CURAH NIAGA,
GRAND TWINS ENGINEERING,
GRIYA BANYU BIRU,
GRIYA SUKAMANAH PERMAI,
GUITTARA MAHAKARYA MEDIKA,
HADI PUTRA JAYA,
HALUAN DAYA NIAGA,
HANDAL ENJINIA INDONESIA,
HANJIN INSOLE INDONESIA,
HARIANTO MITRA USAHA,
HARMONI UTAMA TEKSTIL,
HDE PRATAMA LOGISTICS,
HEKSA GARDA UTAMA,
HEMAT PISAN INDONESIA,
HENDARSYAH SURYA PUTRA,
HIRA KARYA ABADI,
HIRA MULIA ABADI,
HIRA UTAMA GROUP,
HNY EKSPRES INDONESIA,
HOKI MART INDONESIA,
HUSNAN PUTRA MANDIRI,
HYDRA PRESINDO PERKASA,
HYUNDAI MOBIL INDONESIA,
IDEAS SEMESTA ENERGI,
IMA MONTAZ TEKNINDO,
IMMORTAL COSMEDIKA INDONESIA,
INAKA MULIA TRIKARYA,
INBLOOM KARYA CEMERLANG,
INDIKA LOGISTIC & SUPPORT SERVICES,
INDO DAYASURYA PERSADA,
INDO EVERGREEN AGRO BUSINESS COORPORATION,
INDOHADETAMA,
INDOMEDIKA DUTA MANDIRI,
INDONESIA BAKERY FAMILY,
INDOSUBUR SUKSES MAKMUR,
INDOTAMA MULTI SARANA,
INDRAPRASTHA TEKNIKA UTAMA,
INHUTANI II,
INOUT FURNITURE INDONESIA,
INOVASI MULIA KREASINDOTEX,
INOVASI TJARAKA BUANA,
INTAN UTAMA LOGISTIK,
INTEGRA PRIMA SOLUSINDO,
INTEGRATED SUSTAINABLE RISK SOLUTIONS INDONESIA,
INTERNASIONAL PRIMA NIAGA,
INTI MULTIMA SERTIFIKASI,
INTI STEEL SEJAHTERA,
INTI WIJAYA MANDIRI,
INTILAUT SARIRASA INDONESIA,
IPONIA ARMADA MITRA TRANSPORTASI,
IRKA JAYA ERKON,
ISPAT BUKIT BAJA,
ISTANA FAISINDO UTAMA,
JAGO SUKSES MAKMUR,
JAKARTA ELECTRIC INDONESIA,
JAKARTA KOMUNIKASI INDONESIA,
JALADHARA MRECUKUNDHA,
JALAN HIJAU,
JATIASIH DISTRIBUSINDO RAYA,
JAVANICE INDONESIA PERKASA,
JAYA BINANGUN BHASKARA PRIMA,
JAYA INTER SUPRA,
JAYA MANDIRI BERKAH,
JAYA SUKMA MAKMUR,
JAYA TEKNIK PONDASI,
JAYA UTAMA PERKASA,
JAYAMAS DWI PERKASA,
JAYAWIJAYA PUTRA MANDIRI,
JEMBAR MUKTI SEDAYA,
JIMODA,
JKS KASIH SAYANG,
JODAMU EXCHANGE,
JOHAR MITRA UTAMA,
JULIARTHA JAYA PRATAMA,
JUSINDO SUMBERPRAKARSA,
KAMAJAYA TRI LAKSANA,
KAO INDONESIA,
KARABHA DIGDAYA,
KARSA YASA CIA CONSULT,
KARTIKA FOOD INDUSTRY,
KARYA ASRI MANDIRI,
KARYA BHAKTI PRATIWI,
KARYA MITRA SERAYA,
KARYA PERDANA TRANSPORTAMA,
KARYAMITRA LESTARI KEMASEJAHTERA,
KEMILAU ABADI SEJAHTERA,
KIANDA PRATAMA ENERGY,
KILAT WAHANA JENGGALA,
KIM TECHNOLOGY SOLUTIONS,
KIMIA FARMA APOTEK,
KIMIA JAYA UTAMA,
KOPO JAYA MANUNGGAL,
KREASI INDUSTRI TRAY,
KREASI INTINUSA MANDIRI,
KREASI JAFA MEDIA,
KREASI MANDIRI PERKASA,
KREASI PRIMA NUSANTARA,
KUNCI SUKSES ABADI,
KURNIA CIPINANG JAYA,
KURNIA MAJU JAYA,
KUSUMA TANJUNG PERSADA,
KUSUMA WIJAYA INFINITI,
KUSUMASEJATI INTIPRIMA,
KWARTA MEGA PERSADA,
LAJU LINGKAR SEJATI,
LAJU MEGAH MANUNGGAL,
LAJU SAKTI JAYA,
LAM JAGAR NATIO,
LAMPURA TEKNIK MANDIRI,
LANCAR LANGGENG REKATAMA,
LANCAR SAKTI LUBRINDO,
LEGALIA SUKSES MANDIRI,
LEGNO TROPICALINDO,
LESTARI MAHAPUTRA BUANA,
LIMA BERKAT SEJAHTERA,
LIMAS EXPRESS EXECUTIVE,
LINGGA MEKAR ENGINEERING,
LINTAS CAKRA CIA,
LINTAS DATA TRANS,
LINTAS JAYA RAYA,
LINTAS NUSANTARA PERDANA,
LISTRIK SARANA JABAR,
LKM AKHLAKUL KARIMAH,
LOGAM JAYA ABADI,
LORRO SAE ABADI,
LUCKY PERDANA MULTIMEDIA,
LULU LERE AISA,
LUMINO ALUMUNIUM BANGUN KONTRUKSI,
LUSINDONAULI PUTRA MANDIRI,
MAJU JAYA SUKSES ABADI,
MAKMUR SEJAHTERA CIAKREASI,
MANDIRI CIA PERKASA UTAMA,
MANDIRI CIA SEJAHTERA,
MANDIRI MAHA DAYA,
MANDIRI MEDIKA FARMA,
MANEKINDO MULTI KREASI,
MANEUNGTEUNG ANUGERAH MANDIRI,
MANGGALA DUTA,
MANUNGGAL SUMBER DAYA,
MARDIZU SEJAHTERA,
MARGA NUSANTARA JAYA,
MARKAINDO SELARAS,
MARKONI MANDIRIPERKASA,
MASKITANI JEMBAR LESTARI,
MATA ELANG STRATEGIC,
MATA PELANGI CHEMINDO,
MAX KREASI INDONESIA,
MECHANISTORE SUKSES BERSAMA,
MEDIA LINTAS DATA,
MEGA BANGUNAN INDAH,
MEGA DUNIA KONSTRUKSINDO,
MEGA KAPUAS DINAMIK,
MEGA OCEAN JAYA,
MEGA UTAMA MEDICA,
MEGA VIRIYA INDONESIA,
MEGAH KAYU INDUSTRI,
MEGAH TATA SERUNI,
MEGATEKNIK UTAMA MANDIRI,
MEI INDITHYA TALENTA,
MEKAR AGUNG SEJAHTERA,
MEKATRINDO TIRTA ABADI,
MENARA GADING MULIA,
MERAPI MAJU MAKMUR,
METAGUNA INNOVA,
METRINDO,
METRO NIAGA HUTAMA,
METROPOLITAN CITY CENTER,
MILLENNIUM PHARMACON INTERNATIONAL TBK,
MINOFA MULTI SUKSES,
MITRA ANGKASA RAYA,
MITRA BISNIS KELUARGA VENTURA,
MITRA CHEMINDO UTAMA,
MITRA HANDAL SEJAHTERA,
MITRA INDUSTRI JAYA,
MITRA JARINGAN GLOBAL,
MITRA MANDALA SEMESTA PUSAKA,
MITRA PINASTHIKA MUSTIKA,
MITRA PINASTHIKA MUSTIKA RENT,
MITRA SUKSES PLASINDO,
MODERNLAND REALTY TBK,
MORSOL GARINA MANDIRI,
MOUNT SCOPUS INDONESIA,
MSTC ANUGERAH SEJATI,
MUARA KARYA NUSANTARA,
MUARA SAKTI UTAMA,
MUDA JAYA ABADI,
MUFIDAH MEDIKA SAWANGAN,
MUKTI UTAMA LESTARI,
MULIATIARA EKSTRA PRESTASI,
MULTI ADHI PERKASA,
MULTI ADIRA PLASINDO,
MULTI MITRA LOGISTIK,
MULTI SANDANG TAMAJAYA,
MULTINDO TECHNOLOGY UTAMA,
MULYA JAYA AYU PRIMA,
MUSIKA NADA AUDIO,
MUTIARA SUMBER ABADI,
NAFRIYA ABADI MOTOR INDRAMAYU,
NAGATECH NETWORK INDONESIA,
NAIKI SEMESTA,
NIAGA HANDAL CEMERLANG,
NID PRATAMA KARYA,
NIKITA MITRA JAYA,
NIKKARI GROUP INDONESIA,
NITRO PRATAMA INDONESIA,
NUR CAHAYA LIMO,
NUSA RAYA ENERGI UTAMA,
NUSANTARA LANGLANG BUANA,
OMEGA TAIYO TEKNOLOGI,
OIMA SMARTINDO INDUSTRY,
ORIENT INDO CHEMORI,
ORTHOPLUS,
OZORA AGRI INDONESIA,
PACIFIC MOTOR,
PADI HIJAU BUANA,
PANATRON MEKATRONIK PASTIMA,
PANCA BINTANG CEMERLANG,
PANCA BUANA ABADI,
PANFILA INDOSARI,
PANGKAL MULTIKARYA,
PANGKALAN LINTAS DATA,
PANORAMA SURYA ANDALAN,
PASIFIK INDO PUSPITA,
PELANGI TEKNIK PERSADA,
PELITA ABADI SEJAHTERA,
PENGGUIN BIRU KUNING,
PENGOLAHAN LIMBAH INDUSTRI BEKASI,
PERDONI,
PERKASA PRIMARINDO,
PERMATA ABADI BERSAUDARA,
PERMATA PROFISH INTERNASIONAL,
PERTALUBE NUSA JAYA,
PERTAMINA TRAINING & CONSULTING,
PERWIRATAMA DARMAGUNA,
PLANET EXELENCIA PHARMACY,
PLANET EXCELENCIA PHARMACY,
PLANET EXCELENSIA PHARMACY,
PORDJO STEELINDO PERKASA,
PRABU PENDAWA MANUNGGAL,
PRADASA,
PRADJA NUSA PROPERTINDO,
PRATAMA JAYA PERKASA,
PRIMA GALVIN SUKSES,
PRIMA SOEAKA BUANA,
PRIMA VISUALINDO,
PRIMACIA GRAHASENTOSA,
PRIMANRU JAYA,
PRIMAPACK MITRA UTAMA,
PRIMARASA CITRATAMA,
PRIMATAMA KARYA DINAMIKA,
PROXIS SAHABAT INDONESIA,
PUNCAK LEMBAH HIJAU,
PUNGGAWA INTERMODA,
PURI AVIA,
PURWA WANGI PUSAKA JAYA,
PURWASUKA JAYA GAS,
PUSPITA CIA,
PUSTEK ENERGI DAN TEKNOLOGI,
PUTERA RAJA SEJAHTERA,
PUTRA DUA PERKASA,
PUTRA JAYA PRATAMA,
PUTRA MENARA PERKASA,
PUTRI ARSANTI MANDIRI,
PW INDONESIA,
QUADRAN SOLUSI ENJINERING,
RABAT ABADI JAYA,
RADIO SUARA ADYASAMUDRA,
RAFINDO IRON STEEL,
RAFIQA RASYA RIZKY,
RANATA AIR NETWORK,
RASPARI MEGA STORE,
REGAMAS NUSANTARA INDONESIA,
REKAN DAYA PERKASA,
REKANATA AKBAR JAYA,
REVASS UTAMA MEDIKA,
REVOLUTEK DANANJAYA MANDIRI,
RIGSPEK PERKASA,
RISELOKA GLOBAL MANDIRI,
RISMAWAN PRATAMA BERSINAR,
RIZQULLAH MEDISKA INDONESIA,
ROHTO LABORATORIES INDONESIA,
ROMINDO PRIMAVETCOM,
RUDOLF CHEMICALS INDONESIA,
RUSLAM CEMPAKAPUTIH JAYA,
SABATANI GLOBAL SOLUSINDO,
SAFETY SIGN INDONESIA,
SAHABAT MULTI SARANA,
SAHARA BOGATAMA INDONESIA,
SAJIRA MAHARDIKA,
SAKURA PRIMA JAYA LESTARI,
SAMKAM MITRA JAYA,
SAMUDERA INSAN TEKNIK,
SANJAYATAMA ADI PERDANA,
SANPRIMA SENTOSA,
SAA SARI TAMA,
SARANA KENCANA MULYA,
SARANA PERMATA ELEKTRIK,
SARANA PRIMA SOLUSI INDONESIA,
SARI ALAM SUKABUMI,
SARI DAYA PLASINDO,
SARI DUMAI OLEO,
SATRINDO MITRA UTAMA,
SEITETSU ENGINEERING TECHNOPARTS,
SEJAHTERA INTI ANUGRAH PERKASA,
SEJIN JAYA LESTARI,
SEKAR ANUGRAH MANDIRI,
SEKOLAH SENIMAN PANGAN,
SELALU BERMANFAAT SELAMANYA,
SEMBILAN BELAS MULTI USAHA,
SEMPANA DERAGAS PRAKARSA,
SENDANG REJEKI BINANGKIT,
SENTINEL MITRA ADIYAKSA,
SENTRAL ELC,
SENTRUM AUTOTRANSINDO,
SERA MUKTI NIYASA,
SERASI AUTORAYA,
SERAYU TEKNOLOGI INDONESIA,
SETIA BUDI HOJAYA,
SETIANITA MEGAH MOTOR,
SIGAP LINTAS NUSANTARA,
SILIWANGI JAYA BAROKAH,
SILUET NYOMAN NUARTA,
SINAR BAUT ABADI,
SINAR BENGAWAN MANDIRI,
SINAR BINTANG BUANA,
SINAR CIA MANDIRI,
SINAR INSPIRASI NEGERI,
SINAR KANDANG UTAMA,
SINAR MULIA SEJAHTERA,
SINAR NIAGA SEJAHTERA,
SINAR NIRWANA SARI,
SINAR REJEKI LEMBANG,
SINAR RUNNERINDO,
SINERGI CARGO INDONESIA,
SINERGI INDO ATSIRI,
SINERGI UTAMA PERSADA,
SINGA TEKNIK INDONESIA,
SINGGASANA WITRA SURYAMAS,
SINKONA INDONESIA LESTARI,
SLS LAHARINDO,
SMART TEKNIK UTAMA,
SNP INDONESIA,
SOLSTICE ENERGY SERVICES,
SOLUSI PRASARANA MANDIRI,
SOLUSI PRIMA CARAKA,
SOLUSINDO GUNADAYA INDONESIA,
SOMAR INDO FACTORY,
SRI INDAH LABETAMA,
STARMEDIA INTISARANA SEJATI,
SUGIHARTONO AGRA MAKMUR,
SUKA GADING JAYA SEMESTA,
SUKSES ABADI ENGINEERING,
SUKSES JAYAMAS MANDIRI,
SUMBER ALFARIA TRIJAYA TBK,
SUMBER CEMERLANG MANDIRI,
SUMBER GUNA NUSANTARA,
SUMBER JAYA TRADING INDONESIA,
SUMBER KEMAS INDONESIA,
SUMBER MANNA BAHARI,
SUMBER REJEKI GADING,
SUMBER SARANA SUKSES BERSAMA,
SUN AUTO ACCESORIES,
SUN STAR PRIMA MOTOR,
SUNLON KAPASINDO,
SUNROSE INDONESIA,
SUNSHINE GLOBAL,
SUPERBTEX,
SUPRA PRIMATAMA NUSANTARA,
SUPRANUSA NIAGAJAYA,
SURIS WAHANACIA,
SURYA AGUNG PUTRA JAYA,
SURYA ANDALAN SEJAHTERA,
SURYA CUCI MOBIL,
SURYA MAKMUR JAYA,
SURYA MENTARI GLOBAL,
SURYACIA SWADAYA,
SWARA SANGKAR EMAS,
SWASTI MAKMUR SEJAHTERA,
SWISSTEX NARATAMA INDONESIA,
SYAPRIL JANIZAR,
SYMMETRY CONTRACTING INDONESIA,
TAKINDO MUTUAL,
TANI MURNI INDONESIA,
TANJAYA SUKSES ABADI,
TATA GRAHA UTAMA,
TATA TRANS INDOTAMA,
TAWADA HEALTHCARE,
TEGAR PRIMAJAYA,
TEGAR PRIMANUSANTARA,
TEHNOTRI LINTAS PERKASA,
TELAGA SILET ABADI,
TELUBUNG JAYA ABADI,
TETAP SETIA JAYA,
THURSINA MEDIANA UTAMA,
TIARA UTAMA IZZATI,
TIGA RODA RENTALINDO,
TIGA SEKAWAN SERASI,
TINELO BERKAH ABADI,
TINKAR MAS SUKSES,
TIRAI PELANGI NUSANTARA,
TIRTA MAS PERKASA,
TIRTA SIGMA ENGINEERING,
TIRTA SUMBER MAKMUR,
TITIAN ANUGERAHAGUNG,
TOMO FOOD INDUSTRI,
TONAJAYA PRIMA METALINDO,
TOP TRILAND LABEL,
TRADISI UNTUK SEMESTA,
TRANS GEO INDONESIA,
TRENGGINAS UNGGUL ABADI,
TRI EKA PETRA LESTARI,
TRI KARYATAMA JAYA,
TRI TANGGUH SELARAS,
TRIADI LINTAS PERSADA,
TRIBUANA MANUNGGAL SEJAHTERA,
TRIDAYA SARANA PRIMA,
TRIDHARMA POLAKARSA,
TRIGUNA ENERGI CEMERLANG,
TRIKASA ENERGI TAMA,
TRIMANDIRI PLASINDO,
TRINITAS PRIMA SEJAHTERA,
TRIPUTRA MENARA JAYA,
TRIPUTRA TEXTILE INDUSTRY,
TRISSAN,
TRITUNGGAL MAHESA JAYA,
TRIVESTA LANCAR ABADI,
TRUFFLE ANDALAN BAHASA,
TRUST OFFSHORE INTERNATIONAL,
TUJUH CAHAYA SINERGI,
TUMBAKMAS INTI MULIA,
TUNAS DWIPA MATRA,
TUNAS RIZKI SEMESTA,
TURANGGA EMPAT TIGA,
TWIN DIGITAL PRINTING,
TWINS DATA PRATAMA,
UNGGUL JAYA PERKASA,
UNION TEKNIKA,
UNIVERSAL,
UNIVERSAL INDO PERSADA,
USAHA KITA SUKSES MANDIRI,
VARION SUKSES MAKMUR,
VARSINDO KIMIA ABADI,
VENTRA MANDIRI LOGISTIK,
VENTURIUM SYSTEM INDONESIA,
WADAH MAKMURKENCANA,
WAHANA ARTHA RITELINDO,
WAHANA KASIH MULIA,
WAHANA LESTARI INVESTAMA,
WANAYASATAMA TRACKINDO,
WANITA SATRIA BERSINERGI,
WEBUS PACKING INDONESIA,
WICAKSANA BERLIAN MOTOR,
WIJAYA ABADI MULIA,
WIJAYA LESTARI DAGO,
WIJAYA SAMPADA MANDIRI,
WIRA GEMILANG,
WIRA JALA PERKASA,
WIRAJAYA ERKON MANDIRI,
WIRAKY NUSA TELEKOMUNIKASI,
WISAN JAYA UTAMA,
WISATA SAA PESONA,
YAKULT INDONESIA PERSADA,
YAMAMO KASEA RAYA,
YASMINE INFRASTRUKTUR INDONESIA,
YOGA KARYA PERDANA,
YORKINDO SERVISTAMA,
YUSHIRO INDONESIA,
YUSHUKA BERKAH ARTOMORO,
ZEFA VALINDO JAYA,
ZIEBAR INDONESIA,
AMANDA SUKSES MANDIRI,
AQUASCIENCE INDONESIA,
JASA RAHARJA CABANG UTAMA JAWA BARAT,
YAKULT INDONESIA PERSADA,
ABADI GARMINDO,
ABDI TEKNIK ELEVATOR,
ABIRA RIZKI AGUNG,
ABQARI MEDIKA,
ADHIKARYA PERKASA,
ADI DAYA SEJAHTERA,
ADI SARANA ARMADA TBK,
ADIMITRA ANEKA UTAMA,
ADIPRAYA HIJAU LESTARI,
ADITAMA JAYA,
ADITYA KENCANA SAHAJA,
ADONAI SUMBER HIKMAT,
ADYATAMA PUTRA PRATAMA,
AGRO KIMIA ASIA,
AGRU FARMA TEKNOLOGI,
AGUNG MANUFAKTUR DESAINDO,
AIRLOCK INDONESIA JAYA RAYA,
AKSES MAJU BERSAMA,
AKUR PRATAMA,
ALAM BERKAT SEJATI,
ALAS MULIA,
ALBA UNIVERSAL ABADI,
ALCARI,
ALDIKA PUTERA MITRA UTAMA,
ALFA POLIMER INDONESIA,
ALGORITMA PESONA INDONESIA,
ALHADI BERKAH SUKSES,
ALKIMIA NIAGA JAYA,
ALKINDO NARATAMA TBK,
ALUMINIUM EXTRUSION INDONESIA(ALEXINDO),
ALUNA KUSUMAH LESTARI,
AMANAH CIA SARANA,
AMAR MULIA BERSAMA,
AMERY CAHAYA ANUGERAH,
AMFUTURE SATRIASYACH PRATAMA,
AMSAR PRIMA MANDIRI,
ANDALAN BANGUN CIASARANA,
ANDALIRA CIA ABADI,
ANDIKA WIJAYA RAYA,
ANEKA HASIL KASIH,
ANEKA PIRANTI INTIKARSA,
ANEKA RIMBA AGRO,
ANEKA SARANA TEKNIK,
ANEWA CIA INDONESIA,
ANGKASA PURA HOTEL,
ANPRESS PRAMESTI PRIMA,
ANUGERAH GEMILANG BERSAMA,
ANUGERAH JAYA FORDIC,
ANUGERAH KALINDO UTAMA,
ANUGERAH KREASI SISTEM,
ANUGERAH MITRA LOGISTIK,
ANUGERAH TUNAS MULIA,
ANUGRAH BARLIAN UTAMA,
ANUGRAH CIA INTERINDO,
ANUGRAH HASTA MULIA,
ANUGRAH MITRA BENUA,
APM ARMADA AUTOPARTS,
AQUAMART INDONESIA RITEL,
ARABIAN MITRA ABADI,
ARCO TRITAMA MANDIRI,
ARCON RADIAN ABADI,
ARDI SUKSES MANDIRI,
ARIANTO DARMAWAN,
ARISTA LATINDO,
ARKATAMA RAFTARINDO GEMILANG,
ARNOC INDONESIA ENERGI,
AROMA INDONESIA INTERNASIONAL,
ARRAYYAN AL MUBARAK,
ARTAPRIMA SARANA SUKSES,
ARTDECO SEJAHTERA ABADI,
ARTHA ALAM LESTARI,
ARTHA BERSAMA ABADI,
ARTHA JAYA INTINUSA,
ARTHA MANDIRI ALKESINDO,
ARTO LANGGENG REJEKI,
ARWIGA BHAKTI PROPERTINDO,
ASA MENUJU BERKAH,
ASHYA JAYA INDUSTRI,
ASIA PUPUK GUNA LESTARI,
ASTRA INTERNATIONAL TBK,
ASURANSI KREDIT INDONESIA PERWAKILAN BANDUNG,
ASURANSI RAMAYANA,
AURA TRIDAYA SEMESTA,
AUTOBEST,
AVENEW AKADEMI INOVASI,
AWAL SEMANGAT KARYA MEDIKA,
AYOE INDOTAMA TEXTILE,
AYUNDA SEJAHTERA ABADI,
AZZAHRA TRANS UTAMA,
BAGUS DARAJAT KONSULTAN,
BAHAGIA SEJAHTERA MANDIRI,
BAHANA AKURASI TEKNOLOGI,
BAHANA SELARAS,
BAHTERA ENERGI INDONESIA,
BAHTERA PINTAS UTAMA,
BAHTERA POLARIS INDONESIA,
BAJA MULIA LESTARI,
BAJA MURNI KHARISMA PERSADA,
BAKTI WIRA KARSA MULIA,
BAKTI WIRA KARSA SAKTI,
BANGUN ARSHINDO SENTOSA,
BANGUN KARAWANG MEGAH,
BANGUN TALA PRATAMA,
BANJAR DISTRIBUSINDO RAYA,
BANK BTPN SYARIAH TBK,
BANK JABAR BANTEN SYARIAH,
BANK PEMBIAYAAN RAKYAT SYARI'AH AMANAH INSANI,
BANK PEMBIAYAAN RAKYAT SYARIAH ARTHA MADANI,
BANK PERKREDITAN RAKYAT (BPR) ARTHIA SERE,
BANK PERKREDITAN RAKYAT ARTHA JAYA MANDIRI,
BANK PERKREDITAN RAKYAT BANTORU PERINTIS,
BANK PERKREDITAN RAKYAT DANASARI PERSADA,
BANK PERKREDITAN RAKYAT DP TASPEN,
BANK PERKREDITAN RAKYAT DUTA ARTHA SEJAHTERA,
BANK PERKREDITAN RAKYAT KARAWANG JABAR PERSERODA,
BANK PERKREDITAN RAKYAT KARINAMAS PERMAI,
BANK PERKREDITAN RAKYAT KERTA RAHARJA,
BANK PERKREDITAN RAKYAT MENARAMAS MITRA,
BANK PERKREDITAN RAKYAT MITRA DAYA MANDIRI,
BANK PERKREDITAN RAKYAT NUSA,
BANK PERKREDITAN RAKYAT PANCA DANARAKYAT,
BANK PERKREDITAN RAKYAT SAYMA KARYA,
BANK PERKREDITAN RAKYAT TUTUR GANDA,
BANK RAKYAT INDONESIA (PERSERO) TBK,
BANK RAKYAT INDONESIA (PERSERO), TBK
BANK RAYA INDONESIA,
BANK SYARIAH INDONESIA TBK,
BANSHU PLASTIK INDONESIA,
BARALIA BERKAT SEMPURNA,
BAROKAH MAKMUR SEJAHTERA,
BAROKAH NIAGA UTAMA,
BATHARA ABEY TRANSPORTASI,
BATU WANGI PUTRA SEJAHTERA,
BATUNUNGGAL PERKASA,
BCS PRIMA INDONESIA,
BEKASI DISTRIBUSINDORAYA,
BEKASI FAJAR INDUSTRIAL ESTATE Tbk,
BEKASI MOTOR,
BELINKEN GUNDALING,
BELNI PUSMILASARI,
BEM-VINDO JAYA,
BERKAH MANDIRI SERVIS,
BERKAH PRATAMA SINERGI,
BERKAH TEHNIK JAYA,
BERKAH TEKNIK JAYA,
BERKAT LESTARI PRATAMA,
BERKAT KARYA ANUGERAH SEMPURNA,
BERKAT SAMUDERA BERSAMA,
BERKAT SUMBER UTAMA,
BERLIAN HAIVA PROPERTY,
BERSAMA SAHABAT MAKMUR,
BEST MEGA INDUSTRI,
BIG DATA INDONESIA,
BILANG TEKNO PERSADA,
BIMA JAYA FARM,
BINA ARTHA SEMESTA,
BINA BUANA MEDIKA,
BINA CITRA KHARISMA LESTARI,
BINA INFORMATIKA SOLUSINDO,
BINA NIAGA MULTIUSAHA,
BINA PROFESI INDUSTRI INDONESIA,
BINTANG ALAM JAYA,
BINTANG FAJAR TRANSPORTINDO,
BINTANG FARMA PERKASA,
BINTANG JAYA SANTIKA,
BINTANG MOTOR JAYA,
BINTANG RAYA JUARSA INDONESIA,
BINTANG TELEKOMUNIKASI INDONESIA,
BINTANG UTAMA SENTOSA,
BIO FIT PUTRA,
BIOCARE SEJAHTERA,
BOEHME INDONESIA,
BOGOR ANUGRAH MULYA,
BORECAM SERVICES INTERNATIONAL,
BORIS AKURASI TOOLSINDO,
BOYKA WIJAYA INTERNUSA,
BPR ARTHA KARYA USAHA,
BPR BERFASI RAHARJA,
BPR DANA MULTI GUNA,
BPR HAYURA ARTALOLA,
BPR KARYA GUNA MANDIRI,
BPR KREDIT MANDIRI INDONESIA,
BPR KREO LESTARI,
BPR MITRA DAYA MANDIRI,
BPR NUSA,
BPR NUSAMBA PLERED,
BPR NUSAMBA SUKARAJA,
BPR POLA DANA,
BPR TUTUR GANDA,
BPR TUTUR GANDA CABLOHBENER,
BPRARTHA BERSAMA,
BPRDIAN FARAQO GEMILANG,
BPRMULIATAMA DANANJAYA,
BPW BUANA VIESTA JAYA CHRISTOUR,
BRAJA MUSTIKA,
BRANI MAJU BERKARYA,
BRENNTAG,
BRINTON SEJAHTERA BEARINDO,
BRIS POEY TRANS,
BRITE POLYMER,
BUANA INDAH PROPERTI,
BUANA RAYA LESTARI,
BUDI DARMAWAN INDONESIA,
BUDI KARYA SENTOSA SEJATI,
BUKIT PELANGI ASRI,
BUMI CENDANA GRAFIKA,
CAHAYA ANUGRAH FIRDAUS,
CAHAYA BERKAH MENDUNIA,
CAHAYA CIKARANGMAS RESOURCES,
CAHAYA KEHIDUPAN ABADI,
CAHAYA KIM BUANA,
CAHAYA MANDIRI RAJAWALI,
CAHAYA TRIARTHA MULIA,
CAHAYA UTAMA CAKRAWALA,
CAKRA ADHITAMA SOLUSINDO,
CAKRA BANGUN SUKSES,
CAKRA KENCANA MULTIMEDIA,
CAKRA LAKSANA SAKTI,
CAKRAINDO MITRA INTERNASIONAL,
CAMAR SAKTI,
CASBAR PANCARAN BERKAT,
CATINDO,
CATU INTER GLOBAL,
CATUR PUTRA JAYA,
CENGKARENG PERMAI,
CHEMTRADE INDONESIA,
CHIYO PERSADA PRATAMA,
CHRISKA KATILI,
CIANJUR ALAM UTAMA,
CIBITUNG MOTOR MANDIRI,
CIKAMPEK MULYA ABADI,
CIKARANG LISTRINDO,
CILANGGENG PERKASA,
CILEUNYI MULYA ABADI,
CIPLASINDO MAKMUR SEJAHTERA,
CIA GUNA DATA INFOTEK SOLUSINDO,
CIA KREASI TEKSTIL,
CIA MANDIRI WIRASAKTI,
CIA REVORMA BERSAMA,
CIA SARANA NUSANTARA,
CIA VISUAL MANDIRI,
CIPUTRA INDAH,
CIRA INTERNATIONAL,
CIREBON GRAHATAMA,
CIREBON SEWU CEMERLANG,
CITRA ABADI FOOD,
CITRA CELEBAS MULTIMEDIA,
CITRA GALVANIZING INDONESIA,
CITRA JELAJAH INFORMATIKA,
CITRA KARYA BETON,
CITRA KARYAPUTRA MANDIRI,
CITRA MEDIKA LESTARI JAYA,
CITRA OUTSINDO PERKASA,
CITRA TERUS MAKMUR,
CLC NIAGA INDONESIA,
COCO AGER INDONESIA,
CORDELIA BERDIKARI ELEKTRIK,
CORROCOAT INDONESIA,
COTTA TERRA PRIMA,
CRYOGENIC GLOBAL SOLUTIONS,
DADALI CITRA MANDIRI,
DAE RYUN TRADING,
DAKSAWIRA PERDANA,
DAM ANUGERAH PONDOK MANDIRI,
DARSINDO CIA PUTRA MANDIRI,
DAULAY HUMALA BERSAUDARA,
DAYA ADICIA MOTORA,
Daya Alvita Mandiri,
DAYA ANUGRAH MANDIRI,
DAYA MUDA AGUNG,
DELTA INDONESIA PRANENGGAR,
DELTA SURYA ENERGY,
DENATIKA PUTRI PERTIWI,
DENKI ENGINEERING,
DEPOK DISTRIBUSINDO RAYA,
DEWA CITRA,
DEXA ARFINDO PRATAMA,
DHARMA MAKMUR BERSAMA,
DHARMA WIRANUSA SOLUSINDO,
DHARMATAMA INTI LESTARI,
DI LIMA MULTI TEHNIK,
DIGITAL PRINTEX INDONESIA,
DIGITAL TEKNOLOGI GLOBAL,
DIMENSI DIGITAL DUTA INFORMATIKA,
DINAR TRUST,
DIPO STAR FINANCE,
DIPO STAR FINANCE,
DIVAINTAN PUTRIPRATAMA,
DJEPATI INDO RASA,
DONG SUNG TOOLS,
DONGAN ALAM SEJAHTERA,
DOSNI ROHA LOGISTIK,
DUA HARI CIA SEJAHTERA,
DUA PULUH TIGA,
DUA PUTRA CEMERLANG UTAMA,
DURO BANGUN INDONESIA,
DUTA ESA ADIPERKASA,
DUTA NIAGA MULTI SEJAHTERA,
DUTA PUTRA PERSADA MANDIRI,
DUTA SELARAS SEMESTA,
DUTA SELERA PERTIWI,
DWI EKA LESTARI,
DWI HANDAL OTOMASI INDONESIA,
ECONUSA KUALIVA ABADI,
EIKO TEKNIK INDONESIA,
EIYU DAMAI SEJAHTERA,
EKA CHATTRA INDONESIA,
EKAMANT INDONESIA,
EKSONINDO MULTI PRODUCT INDUSTRY,
ELEGANT INDONESIA,
ELEGANT TEXTILE INDUSTRY,
ELIAZER NAHOR PRATAMA,
ELIM TECH,
ELIZABETH HANJAYA,
EMART PRATAMA CADOFA,
EMBEE PLUMBON TEKSTIL,
EMRAZ INDO MEDIKA,
ERACIA MITRA GEMILANG,
ERAMULTI SWADAYATAMA,
ESKO DIGITAL KOMPUTINDO,
EVALINDA BERKAH MANDIRI,
EXCIBA INDO CHEMICALS,
EXYTOS MITRA ADITAMA,
FAHREZA DUTA PERKASA,
FAJAR PRAKARSA GUNA,
FAJAR PUNCAK PRATAMA,
FAMON GLOBAL AWAL BROS,
FAMYLAB,
FASTKO KARSA PARAMARTA,
FASTLINK AMANAH SAFARI NUSANTARA,
FAVORI CORP SEDAYA,
FITECH YUTAKANA INDONESIA,
FOCUSTINDO CEMERLANG,
FOSTER ISOLASI BUANA,
FUJI PROSPEK INDONESIA,
FUKOKU TOKAI RUBBER INDONESIA,
GADAI CAHAYA DANA ABADI,
GADING BHAKTI UTAMA,
GADING MURNI,
GALERI TEKNOLOGI BERSAMA,
GALUH CITARUM,
GALUH SELARAS MAJU,
GANDA PUTERA INSAS,
GAPURA FAJAR LANGGENG,
GARDA CIA SENTOSA,
GARDA POWER MANDIRI,
GARDA RAJA PERTAMA,
GARUT PRAKARSA MANDIRI,
GATRA KENCANA INDONESIA,
GAWIH JAYA,
GELORA FAJAR PERKASA,
GEMA PARAHYANGAN PLASTIK,
GEMA TABAYA AMANAT,
GEMILANG MAJU SENTOSA,
GEMILANG OIMA DIOS,
GEMPOL ASRI SARI,
GENERAL TOOLS INDONESIA,
GENTA JAYA ABADI,
GEOSADI MAPROTEC,
GHANI ARTO LILY,
GIRI SAKTI UTAMA,
GIS SAINS ENGINEERING,
GLOBAL ASIA CHEMICALS,
GLOBAL BOGA SUKSES,
GLOBAL INDO MULTIMEDIA,
GLOBAL MEDIA BERKAH,
GLOBAL NUSA TRANS,
GLOSTAR INDONESIA,
GORA PURASANI SENTOSA,
GRAHA CITRA PRIMA,
GRAHA PERMATA ABADI,
GRAHA PRAWIRA DANISWARA,
GRAHA RAHMAT CEMERLANG,
GRANADA AUDIO INDONESIA,
GREAT PRIMA LESTARI,
GREGAH SUKSES MANDIRI ENGINEERING,
GRIYA BERKAH MANDIRI,
GUNA HASIL MANDIRI,
GUNAJAYA SANTOSA,
GUNUNG GEULIS ASRI,
GUNUNG MAS PROSPER,
GUNUNG TANGKUBAN PERAHU PERMAI,
HADE SUKSES SELARAS,
HAMPARAN MULYA,
HAMSINA JAYA,
HANDIRA EKA MANDIRI,
HANJUANG BERKAH SEJAHTERA,
HARAPAN INDAH BERSAMA ABADI,
HARIBARU GEMILANG,
HARIKA PRIMA SAKTI,
HARMONI DINAMIKA,
HASIL BUMI INDONESIA,
HASIL KARYA SEJAHTERA,
HASIL SEMPURNA,
HASSAN SINAR LESTARI,
HENKOS JAYA TEHNIK,
HENNY MAKMUR JAYA,
HENO SEJAHTERA BERSAMA,
HERBA PENAWAR AL WAHIDA INDONESIA,
HIJI LINTANG PURNAMA,
HIKMAH MUDYA,
HITACHI ASTEMO BEKASI POWERTRAIN SYSTEMS,
HOKKAN DELTAPACK INDUSTRI,
HON CHUAN INDONESIA,
HOWKI GONDANG PERKASA,
HURIP BINTANG PRATAMA,
HYUNDAI MOBIL INDONESIA,
IBRAHIM BERKAH SEJAHTERINDO,
IJO ROYO ROYO ASRI,
IK PRECISION INDONESIA,
INDO HUSADA UTAMA,
INDO KAYA ENERGI,
INDO LYSAGHT,
INDO MARTA PRIMA,
INDO MITRA PRATAMA,
INDO OTHAIM INTERNASIONAL,
INDOAUSTRA UTAMA,
INDOBIKE DUA ENAM,
INDOLAND TRADING INTERNATIONAL,
INDOMETAL BEKASI SARANA MAKMUR,
INDOMETAL MITRABUANA,
INDONESIA RAYA MAKMUR,
INDORAMA POLYCHEM INDONESIA,
INDORAMA SYNTHETICS TBK,
INDO-RAMA SYNTHETICS TBK,
INDORAYA NUSANTARA DJAYA,
INDOTAISEI INDAH DEVELOPMENT,
INDOTAMA FERRO ALLOYS,
INDOWIN ENGINEERING INDONESIA,
INDOWOOYANG,
INSANI MAJU BERDIKARI,
INTERFOOD SUKSES JASINDO,
INTERNATIONAL MACHINERY,
INTI DAYA MANDIRI PRATAMA,
INTI POLYMETAL,
INTI PRATAMA GLOBALINDO,
INTIKENCANA WIRAPUTERA,
IEK SINERGI HAYATI,
IRKA JAYA ERKON,
ISTANA KARYA PROPERTINDO,
IWAMA PRIMA TEXTILE MILLS,
JABAPUTRA BINAWAN UNGGUL,
JAFA PALMA INDONESIA,
JAGO SUKSES MAKMUR,
JAPFA COMFEED INDONESIA Tbk,
JASA ANDA,
JASA PRIMA ADIGUNA,
JASA PRIMA LOGISTIK BULOG,
JASAMEDIKA SARANATAMA,
JASKO PRIMA SEJAHTERA,
JAVA MONT MINERAL,
JAWHARA SYARI INDONESIA,
JAYA ABADI REGENCY,
JAYA BINANGUN BHASKARA PRIMA,
JAYA KESUMA LESTARI,
JAYA MAKMUR PAJAJARAN,
JAYA MANDIRI BERKAH,
JEJAK HASANAH,
JENSSEN NATAMA ABADI,
JEPARINDO AGUNG PERKASA,
JUAHN INDONESIA,
JULIARTHA JAYA PRATAMA,
KABEPE CHAKRA,
KADEKA,
KAHADE MITRA SEJATI,
KAIROS TRANSINDO PERKASA,
KALOKA BINANGUN,
KALYANAMITTA BANINDO,
KAMPUH WELDING CIKARANG,
KANAKA SUKSES LESTARI,
KARAWANG DISTRIBUSINDO RAYA,
KARINDO MITRA INTERNASIONAL,
KARIYANA GITA UTAMA,
KARTIKA JAYA KONTRUKSINDO,
KARYA BUSANA INDONESIA,
KARYA JOUJA GEMILANG,
KARYA KELOLASEMESTA,
KARYA MANDIRI CIKARANG,
KARYA MULIA PUSAKA,
KARYA PANCA PERSADA,
KARYA PUTRA SANGKURIANG,
KARYA SEJAHTERA LESTARI,
KARYA SUKSES STEEL,
KARYA UTAMAINDO MANDIRI,
KAWASAN BERIKAT NUSANTARA,
KAZTA RAYA CEMERLANG,
KECE TRANSPORT BANDUNG,
KEMBANG CHRISTAPHARMA,
KENCANA JAYA PROPERTI,
KENDI INDAH LESTARI,
KERETA API INDONESIA (PERSERO),
KERETA API LOGISTIK,
KHARITA SEJAHTERA BERSAMA,
KIAN SANTANG MULIATAMA,
KILAP PROPERTINDO,
KIM TECHNOLOGY SOLUTIONS,
KIMIA FARMA APOTEK,
KINERJA MUTIARA PERSADA,
KINOBI INDAH FARMA,
KIRANA SAKTI KOMPUTINDO,
KITA MAJU SEJAHTERA,
KOBAMAS PUROHITA,
KOPRIMA SANDYSEJAHTERA,
KREASI PERDANA KONSTRUKSI INDONESIA,
KREATIF MANDIRI SAKTI,
KROMATINDOMAS KIMIATAMA,
KUDA KENCANA,
KUJANG SAKTI ANUGRAH,
KUMAR CONTAINERS PVT LTD,
KUSUMASEJATI INTIPRIMA,
KYG TOOLING INDONESIA,
LAJU BERSAMA INDAH,
LASALLEFOOD INDONESIA,
LAUTAN ARTHA BAHARI,
LAUTAN WARNA SARI,
LAVANAYA MADINAH TRAVEL,
LE&EN INDOCHACON UTAMA,
LEE FONG INDONESIA,
LEMBU JANTAN PERKASA,
LESTARI BINTANG MANDIRI,
LESTARI DINI TUNGGUL,
LEUWILIANG SEGAR PRAKARSA,
LIMAS JAYA MAKMUR,
LIMAS RAGA INTI,
LINTAS BENEFINDO JAYA,
LINTAS CAKRA CIA,
LINTAS NUSANTARA PERDANA,
LINTAS TOMINI MANDIRI,
LOKATARA ABHINAYA,
LORAMO ANUGRAH JAYA,
LUKITA JAYA PERKASA,
LUMBUNG SEJAJAR SEJATI,
LUNAR INDAH MAKMUR,
MJUSUF & SONS,
MACHESA MULTI LIFTINDO,
MAHA RAYA PERKASA,
MAHA TIRTA UTAMA,
MAHANANI MUKTI MULYA,
MAHKOTA PERMATA PERDANA,
MAJU JAYA INTERNATIONAL,
MAJU JAYA MAKMUR SEJAHTERA,
MAJU PUTRA TEKNINDO,
MAKANAN ASLI INDONESIA,
MAKMUR EXPEDISI RIANIATE,
MAKMUR LESTARI EVOLUSI,
MAKMUR MITRA ABADI,
MAKMUR PRIMA SENTOSA,
MAKTAL DISTRIBUSI PRATAMA,
MANAJEMEN BAHAN BAKAR ANDALAN,
MANDIRI CIA SEJAHTERA,
MANDIRI SEJAHTERA TEHNIK,
MANGUL JAYA,
MANOLO PUTRA,
MANUNGGAL PERKASA,
MANVIS TEKNOLOGI ENJINERING,
MARGA NUSANTARA JAYA,
MARGASETA UTAMA,
MARKAINDO SELARAS,
MARKS BANDUNG JAYA,
MASPLAST POLY FILM,
MASTER ENGINEERING SERVICE,
MAWAR MOTOR FAYURI,
MAWAR MOTOR PERKASA,
MAX CHEM INDONESIA,
MAX KREASI INDONESIA,
MAXBIZ ENVIRON,
MAYA GRAHA INDAH,
MECCAYA,
MEDIKA JASA UTAMA,
MEDIKA VISINDO PERKASA,
MEDION ARDHIKA BHAKTI,
MEGAHPUTRA SEJAHTERA,
MEGAKARYA NUSANTARA PERKASA,
MEGALOPOLIS MANUNGGAL INDUSTRIAL DEVELOPMENT,
MENGGAPAI CAKRAWALA SEMESTA,
MEPROFARM,
MERAPI UTAMA PHARMA,
MERPATI ALAM SEMESTA,
METALINDO GUNA TEKNIK INDUSTRI,
METRIX ELCIA,
MIDI UTAMA INDONESIA TBK,
MIGAS HULU JABAR,
MIGOTO INDONESIA,
MILPO INDONESIA,
MILPO METALINDO PERKASA,
MINERAL UTAMA SERVIS,
MITRA BANGUN KONTRAKTOR,
MITRA BISNIS KELUARGA VENTURA,
MITRA BISNIS MADANI,
MITRA BUMDES NUSANTARA,
MITRA BUMI SURYA,
MITRA ESA ABADI,
MITRA HAPPI SEJAHTERA,
MITRA HUSADA MANDIRI,
MITRA JASA POWER,
MITRA KALYANA SEJAHTERA,
MITRA KARAWANG JAYA,
MITRA KENCANA MANDIRI ENTERTAINMENT,
MITRA KIMIA MAS,
MITRA KREATIF INDONESIA,
MITRA LIMA R,
MITRA MINA SAN,
MITRA NIAGA SENTRATAMA,
MITRA PINASTHIKA MUSTIKA,
MITRA PRIMA ADITAMA,
MITRA SARANA CIKAMPEK,
MITRA SINERGI PLASINDO,
MITRA SOLUSI KIMIATAMA,
MITRADEKA MANDIRI,
MITRALAB BUANA,
MITRATAMA PROSPEK SOLUSINDO,
MITSUI LEASING CAPITAL INDONESIA,
MIZUKI INTERNATIONAL,
MOSSA KARYA UTAMA,
MUARA JUARA KREASI INDONESIA,
MUARA LOGAM INDONESIA,
MUDA JAYA ABADI,
MUFID INTI GLOBAL,
MUHTOMAS,
MULIA JAYA BERSINAR,
MULTI AKSARA SEJATI,
MULTI GARMENJAYA,
MULTI GRASINDO CEMERLANG,
MULTI HANNA KREASINDO,
MULTI INTI PARAHIYANGAN,
MULTI MITRA LOGISTIK,
MULTI SANDANG TAMAJAYA,
MULTI SOLUSI SUKSESTAMA,
MULTINDO TECHNOLOGY UTAMA,
MULTINDO VELVET INDUSTRIES,
MURATA MACHINERY INDONESIA,
MURNI MOTOR,
MURNI SADAR,
MURNI SUBAJA MAS,
MUSTIKA CITRA RASA,
MUSTIKA KUSUMA JAYA,
MUSTIKA PARAHYANGAN,
MUTIARA MAJU MANDIRI,
MUTIARA PERKASA BAHAGIA,
NADYA ANGEL SAM,
NALSAL INDO PERKASA,
NANDANG AKSARA PRIMA,
NEO CIA REVOLUSI,
NETWORK LINTAS FIBERINDO,
NETZER MEDIKA PUTRA,
NEW MODULE INTERNATIONAL,
NIKITA MITRA JAYA,
NIRAMAS UTAMA,
NISSIN MANUFACTURING INDONESIA,
NITRO PRATAMA INDONESIA,
NUSANTARA SATRIA AGUNG,
NUSANTARA SURYA SAKTI,
NUSANTARA TECHNIC INDONESIA,
NUSATAMA BERKAH TBK,
NUTRINDO PERTAMA,
OAE MANUFAKTUR INDONESIA,
OCEANICA MEGAH UTAMA,
OHM ELECTRONICS INDONESIA,
OMEGA ELEKTRIK INDONESIA,
ONESMILE ALIGNERS INDONESIA,
OS PUTRA,
PACIFIC AREA JAYA,
PACIFIC MOTOR,
PADANG GOLF BUKIT SENTUL,
PADI ARTHA SEJAHTERA,
PADJADJARAN INDAH PRIMA,
PADMA SARI PANGAN,
PALABUHAN RATU DISTRIBUSINDO RAYA,
PAMOR BUANA UTAMA,
PANAYA RENTAL CRANE,
PANDAWA MAKMUR SEJAHTERA,
PANDITA KAPITAL UTAMA,
PANDU EQUATOR PRIMA,
PANFILA INDOSARI,
PANGAN SARANA NIAGA,
PANGESTU DAYA UTAMA,
PARAMITA BANINDO,
PARSAORAN GLOBAL DATATRANS,
PATRA MAKMUR SEJAHTERA,
PATRA NIAGA RAYA,
PAYON AURA SEJAHTERA,
PELANGI NIAGA NUSANTARA,
PELITA ABADI SEJAHTERA,
PELITA SAMUDERA INDONESIA,
PERKASA ABADI MAKMUR,
PERMATA SINAR UTAMA,
PERTAMINA BINA MEDIKA IHC,
PERTAMINA TRAINING & CONSULTING,
PERTAMINA TRAINING AND CONSULTING,
PESONA NATASYA GEMILANG,
PESONA TAMANINDO,
PIJAR UTAMA GASINDO,
PILAR ABDI WIJAYA,
PILAR BAKTI SEJAHTERA,
PINDAD (PERSERO),
PINTU SUKSES LESTARI,
PINTU TIGA RAHARJA,
PLANET EXCELENCIA PHARMACY,
POLIWEK INDO UTAMA,
PPLONDON SUMATERA INDONESIA TBK,
PRANATA JAYA ABADI,
PRATAMA SELARAS MANDIRI,
PRATAMA SURYA JAYA,
PRATIWI PUTRI SULUNG,
PRESENTOLOGICS,
PRESTASI CAHAYA METALINDO,
PRIMA ADJUSTERINDO MANDIRI,
PRIMA KOMPETENSI,
PRIMA MEDIKA SELARAS,
PRIMA NUSANTARA TELEKOMUNIKASI,
PRIMA SARANA PENJAMINAN,
PRIMA SENTRAL REJEKI,
PRIMA ZEN,
PRIMAPER TRADEA UTAMA,
PRIORITAS JAYA ABADI,
PRISEL GIUGA SINERGI,
PRO MECHANIC INDONESIA,
PRODIA WIDYAHUSADA,
PROLABIOS MITRA ANALITIKA,
PROSPER MEGA INDUSTRI,
PURI AVIA,
PURI LAJU ABBA,
PURI WIDYA UTAMA,
PUSTEK ENERGI DAN TEKNOLOGI,
PUTRA DUA PERKASA,
PUTRA MERAPI SUKSES,
PUTRA MUTIARA JAYA,
PVRA MODA KREASI,
QUADRA INTI SOLUSI,
QUANTUM INDOKEMIKA SOLUSI,
QUANTUMPLAST INDUSTRY,
RABU BUDIMAN ABADI,
RACHMAT PERDANA ADHIMETAL,
RADIANT UTAMA INTERINSCO TBK,
RADYA MARGA SENTOSA,
RAFIQA RASYA RIZKY,
RAGAM TANGGUH FORTINDO,
RAJA MAKMUR PERKASA,
RAMA MANUNGGAL PERKASA,
RAMA TEXTIMA INDONESIA,
RAMATEX,
RANGKUTI EKA PAKSI,
RAPIK KARYA MANDIRI,
RATANSHA PURNAMA ABADI,
REAL MITRAS BUANA,
REGAMAS NUSANTARA INDONESIA,
REI INDUSTRI PROPERTI,
REJEKI ASTHA SENTOSA,
REJEKI GRAHA WIJAYA,
REMALA ABADI,
RESTAR SENTRA DIGDAYA,
REVASS UTAMA MEDIKA,
RICKY PERSADA FARMA,
RICO BERLIAN LOGISTINDO,
RIKEN ENGINEERING PERKASA,
RIMA SURYA PRATAMA,
RISMA SENTOSA,
RIUNG AGRO LESTARI,
RIYANA CIA PANGAN INDONESIA,
RIZKY ABADI JAYA ANUGRAH,
RIZKY INDRA TRANSINDO,
RODA KAWAN SEJAHTERA,
ROHA LAUTAN PEWARNA,
ROUDO KITA,
SAFE SINAR GLOBAL,
SAHABAT SENTRA ALKESINDO,
SAINDO MAJU INTERNASIONAL,
SAJIRA MAHARDIKA,
SAK LAWASE SELALU SUKSES,
SAKA ARTHA KENCANA,
SAM APPAREL MANUFACTURING INDONESIA,
SAMUDERA PASAI LOGISTIK,
SANDANG MAJALAYA TEXTILE / SAMATEX,
SANDANG MAJALAYA TEXTILE (SAMATEX),
SANTOSA KURNIA JAYA,
SARANA ABADI JAYA RAYA,
SARANA KARUNIA SEJATI,
SARANA KATIGA NUSANTARA,
SARANA MEDIKA MEDIATECH,
SARANA MEDIKAL PRISMA,
SARANA SADAYA,
SARANA SUKSES INDONESIA,
SARANA SUKSES INDOPRIMA,
SATRIA GRIYA ABADI,
SATYA SARANA KARGO,
SAVA JAYA ANUGERAH,
SEIKOU SEAT COVER,
SEJAHTERA BONEKA INDAH,
SEKURINDO DUTA UTAMA PERKASA,
SELALU BERMANFAAT SELAMANYA,
SELAMAT LESTARI MANDIRI,
SELARAS HARAPAN SEMESTA,
SELATAN MAKMUR INDONESIA,
SEMANGAT PUTRATAMA,
SEMAR GEMILANG,
SEMESTA MANDIRI SEJAHTERA,
SEMPURNAINDAH MULTINUSANTARA,
SEMPURNAJAYA MAKMURMULIA,
SENIUN HADAFA,
SENTRA AGUNG SEALINDO,
SENTRAL MANDIRI SENTOSA,
SENTRYPARK UTAMA INDONESIA,
SERASI AUTORAYA,
SERPONG ALAM LESTARI,
SETARA BIO SCIENCE,
SETIA ANUGERAH MOTOR,
SETIA BUDI HOJAYA,
SETIA KIJI REED,
SETIA LUMBAN JAYA,
SGH MAKMUR SANTOSA,
SHIMADA KARYA INDONESIA,
SIDO AGUNG MANDIRI,
SIERRA JAYA ABADI,
SINAR ARTHA MAHAMAKMUR,
SINAR BARU KONTRUKSI,
SINAR INSPIRASI NEGERI,
SINAR JAYA RIMBAWAN ASRI,
SINAR KARYA UTAMA,
SINAR MITRA ANDALAN,
SINAR MULIA PLASINDO LESTARI,
SINAR NIAGA SEJAHTERA,
SINAR PANGJAYA MULIA,
SINAR PARA TARUNA,
SINAR PUTRA METALINDO,
SINAR REJEKI LEMBANG,
SINAR SEJATI ABADI,
SINAR TRIYASA TEKNIK,
SINARDANIT NUSANTARA,
SINERGI ENGINEERING INDONESIA,
SINERGI MITRA UTAMA,
SINGAMAS PRATAMA SEJAHTERA,
SIR AKURASI INDONESIA,
SISTAR INDONESIA,
SJI NUSANTARA,
SKI SUKSES SEJAHTERA,
SKY ENERGY INDONESIA TBK,
SMART MULTI FINANCE,
SOFIA SAFIYA MEDIK,
SOLO MURNI,
SOLUSI PRIMA CARAKA,
SOLUSI SARANA PROPERTI,
SOREANG PRAKARSA LESTARI,
SOWIN GRAMERINDO INTERNASIONAL,
SRI INTAN TOKI INDUSTRI,
SRIBANGUN BUMINITIYA,
STIF INDONESIA,
SUBANG MULYA SEJAHTERA,
SUGISENA INTI PERSADA,
SUKABUMI ALAM MANDIRI,
SUKADAMAI BERKAH ABADI,
SUKU CADANG JAYA,
SULFINDO ADIUSAHA,
SUMBER ADILUHUNG KAHURIPAN,
SUMBER ALFARIA TRIJAYA,
SUMBER ALFARIA TRIJAYA TBK,
SUMBER ALFARIA TRIJAYA TBK,
SUMBER ALFARIA TRIJAYA, TBK
SUMBER ALFARIA TRIJAYATbk,
SUMBER DAYA MITRAINTI,
SUMBER MITRAUTAMA PERSADA,
SUMBER REJEKIJABAR,
SUMBER RUKUN PERKASA,
SUMBER SARANA ERA ABADI,
SUMBER SARI BUMI PAKUAN,
SUMBER SARI PAKUAN,
SUMBER SINAR PERKASA,
SUMBER TRIJAYA LESTARI,
SUN AUTO ACCESORIES,
SUN MOTOR JAKARTA,
SURYA ANUGERAH SENTOSA,
SURYA ARTHA CHANYA,
SURYA GEMILANG TRIDAYA,
SURYA INTAN SENTANA JAYA,
SURYANUSA NADICIA,
SWARNA BAKTI SOLUSINDO,
SYAWAJA INDONESIA,
SYGMA DAYA INSANI,
SYNERGY SCIENTIFIC,
TRAD INDONESIA,
TAIFU GOLD INDONESIA,
TAKINDO MUTUAL,
TAMBUN DISTRIBUSINDO RAYA,
TAN PUTRA TAMA,
TANGGUH FLUIDA POWERINDO,
TANI MURNI INDONESIA,
TATA BANGUN SARANA,
TATA BUMI PERSADA,
TATALOGAM LESTARI,
TAWAKAL SUMBER CAHAYA,
TECH LOGISTIK INDONESIA,
TECNO MESIN INDONESIA,
TEHNIK PRATAMA ENGINEERING,
TEKADE MITRA INDONESIA,
TEKNIK BINA MANDIRI,
TEMAN SEJATI SEJAHTERA ABADI,
TENGO INDONESIA,
TERA EMCAL SOLUSINDO,
TERUS JAYA SENTOSA MOTOR,
TEXALOKA TEMA MANDIRI,
THURSINA MEDIANA UTAMA,
TIARA FAJAR TRANSPORTINDO,
TIGA FASA KOMPONEN,
TIGA RODA RENTALINDO,
TIGA WARNA JAYA INDONESIA,
TIGAMAS MITRA SELARAS,
TIGATUJUH CORGAS ESENSIAL,
TIKKA INDAH SEJAHTERA,
TIMUR LAUTAN SUKSES,
TIRTA TALAGA JAYA,
TIRTHA DASA LINTAS NUSA,
TITAN TEKNIKATAMA INDONESIA,
TONGCHENG MAGNET WIRE,
TOP ADI PERKASA,
TRAINERS MANAGEMENT INDONESIA,
TRANS HYBRID COMMUNICATION,
TRENGGINAS UNGGUL ABADI,
TRI BUMI PERTIWI,
TRI EKA KREASI MODA,
TRI KARYA SELARAS MANDIRI,
TRIAJI MANDIRI TEKNIKA,
TRIANA HARVESTINDO NUSANTARA,
TRIANA NUR PANJALU,
TRIDAYA MANDIRI TEHNIK,
TRIDAYA RESIK PERKASA,
TRIDAYA SINERGI INDONESIA,
TRIDHARMA POLAKARSA,
TRIKEM TIRTA BENING PERKASA,
TRIMANDIRI PLASINDO,
TRIO MOTOR,
TRIPOLA PANATA,
TRISAKA SINERGI UTAMA,
TRITUNGGAL POWERINDO UTAMA,
TRIVETSA LANCAR ABADI,
TUGU MUDA PRIMA,
TUJUH COSME INDONESIA,
TULIP PROMO KARYA,
TUNAS BARU SURYA PERKASA,
TUNAS DWIPA MATRA,
TUNAS JAYA RAYA ABADI,
TUTU KEKAL,
TYOTECH MANDIRI JAYA,
UBER SINAR DEWATA,
UNIE SARANA MANDIRI,
UNITED CHEMICALS INTER ANEKA,
UNITED REFRIGERATION,
UPAYABUMI GRAHASEJAHTERA,
USAHA TANGGUH MANDIRI,
USRA TAMPI INDONESIA,
V TWO CONSULTING,
VANADYA ANUGERAH PRATAMA,
VARION SUKSES MAKMUR,
VIRCHO JAYA ABADI,
VIRGI MOTOR CIKARANG,
WAHANA LOGISTIK SEMESTA,
WAHANA MAKMUR SAKTI,
WAHANA MAKMUR SEJATI,
WAHANA REKSA CEMERLANG,
WALDEN GLOBAL SERVICE,
WANANTARA ALESHA SADHANA,
WASKHITA ADI SEJAHTERA,
WASKITA MULTITRADA JAYA,
WASTU KENCANA,
WIDAL KREASI WISESA,
WIENNEXINDO SOLUTION,
WILDANES KERTAJAYA INDONESIA,
WIN DISTRIBUSI NUSANTARA,
WIRA AGUNG,
WIRA KARYA JAYA,
YAKULT INDONESIA PERSADA,
YAMA EKSPRES,
YAS TRANS SARELINDO,
YAZUHO AUTO,
YI JIN INDUSTRY,
YUDHISTIRA GHALIA INDONESIA,
YUWANA EKA SEJATI SENTOSA,
ZAHLETHA MANDIRI INDUSTRI,
ZAHRA TRANS INDONESIA,
ZAPUDI EXPRESS,
ZENTECH PRIMA KREASINDO,
ZIEBAR INDONESIA,
ZIMMER PANCEN OYE,
BAKRIE PIPE INDUSTRIES,
BANGUN TALA PRATAMA,
BANK JABAR BANTEN SYARIAH,
BANK PERKREDITAN RAKYAT ARTHAGUNA SEJAHTERA,
BPR MITRA RUKUN MANDIRI,
ELEGANT INDONESIA,
HALIA TEKNOLOGI NUSANTARA,
MEGAH KAYU INDUSTRI,
NYALINDUNG,
PRESENTOLOGICS,
SATHRUSI KOMODITI INDONESIA,
SETIA SAMUDRA ABADI,
SINAR MULIA PLASINDO LESTARI,
SINTA PRIMA FEEDMILL,
SURYA MAKMUR JAYA,
TELUBUNG JAYA ABADI,
TRANS GEO INDONESIA,
WIRAKARYA TEKNOLOGI INDONESIA,
9 SQUARE,
AGRO CHEMICA,
ALPHA DUTA,
AMANDA,
AMARTYA BAGASPATI,
ANDARA TUJUH DELAPAN,
ANTAKESUMA INTI RAHARJA,
ANUGERAH JAYA LESTARI,
ANUGRAH MANDIRI COOLINDO,
ANUGRAH SEJAHTERA,
ARALIA ARTHA MANDIRI,
ARIS DOA IBU,
ARSI LABORA UTAMA,
ARYA GUNA USAHA,
AS PUTRA RAHMAT,
ASPUTRA RAHMAT,
AUTO TEKNIK JAYA,
AZMAR ELEKTRIK,
BANGUN CITRA LESTARI,
BAROKAH SEMBILAN DELAPAN SEMBADA,
BERKARYA BAGI BANGSA,
BERKAT JAYA ABADI,
BI-ENSI FESYENINDO,
BINTANG TALI MAS,
BIRO JASA ADI JAYA,
BIRO TEKNIK SIEM S,
CABINE GRAHA DECO,
CAHAYA BUANA,
CEMARA GUNA LESTARI,
CITRA GLOBAL INTIKARYA,
DHARMA MULYA SEJAHTERA,
DIALOGUE PUTRA PRIMA,
DINAMIKA MULTINDO,
DMA MEDIA,
DUA PUTRI ADYATAMA,
DUNIA KOMPUTER,
DUTA RAYA ABADI,
DUTA SETIA GARMEN,
DWI SURYA NUSANTARA,
DWITUNGGAL MEKAR ABADI,
EGA MEGATEC,
ESBE,
EUPHORBIA LANSCAPE,
GAMAN SAKTI,
GEMILANG HARAPAN,
GEMILANG JAYA BANDUNG,
GEMILANG JAYA BEKASI,
GEMILANG JAYA CIKAMPEK,
GEMILANG JAYA CIKARANG,
GENERASI AKTIF BERKARYA,
GHIFARI YUBI SANKARA,
GLOBAL MANDIRI NUSANTARA,
GLOBALINDO PERKASA ENGINEERING,
GOLD STONE INDONESIA,
GPR TRANS,
GRAFIKA SENTOSA MANDIRI,
GREAT ROYALE,
GRIYA ANNUR,
GUNA MOTOR,
HABDHILAH BUANAPUTRA,
HANGGAR AUTOWORKS,
HEMAT,
HERLIN JAYA,
IBNU ASMAL,
IBNU ASMAL MONO,
IMMANUEL KNITING,
INDONESIA JAYA,
INTAN JAYA BOGOR,
INTAN JAYA SUKABUMI,
JALA LANGKA SAKTI,
JAMPANG PRASASTI UTAMA,
JAPANINDO LESTARI,
JAVA MAKMUR ABADI,
JAYA MANDIRI PLASTIK,
JAYA SETIAWAN,
KARUNIA MANDIRI,
KARYA CIPTA LESTARI,
KARYA INDAH MOTOR,
KENANGA JAYA,
KINASIH KONSULTAMA,
KIRANA MOTORINDO JAYA,
KOTO SEJAHTERA BERSAMA,
KREASI PRIMA,
KREASI SARANA TEKNIK,
LAKSANA LINGGA BUANA,
LEGA HATI KITA,
LIBERTON,
LILITEX JAYA,
LINTANG ALFARIA,
MAGNA MULIA,
MAHARDHIKA PASIR MANDIRI,
MANDALA INTEGRITY,
MANDALA WICAKSANA,
MANDIRI JAYA,
MANDIRI SEJAHTERA,
MANDIRI SUKSES SENTOSA,
MAWAR CIPTA MANDIRI,
MEGA,
MEKAR SARI AGUNG SANTOSO,
MITRA JAYA,
MITRA JAYA RAYA,
MITRA MEDIKA,
MITRA MEDIKA ADISATYA,
MITRA SEHATI JAYA,
MUBINA HESKINA ANUGERAH,
MUGI JAYA,
MULTAZAM MAKMUR MANDIRI,
MULTI BINTANG KREATIF,
NATA DAYA MANDIRI,
NIAGA CIPTA ELEKTRIK,
NUSA RESOURCE TRUSTINDO,
NYLAND ANUGERAH JAYA,
PASKAL TRIJAYA FOOD,
PRISMA SURYA GEMILANG,
PUDAK SCIENTIFIC,
PUPUT BERSAUDARA,
PURI'S,
PUTERACO ENGINEERING,
QMAX MANDIRI UTAMA,
QUANTUM MEDIA SOLUSINDO,
RAJAWALI PUTRA,
RAMA,
RASENDRIA SEJAHTERA,
RATU NEETA BOGATAMA,
RATUR INTERNUSA ABADI,
REJEKI PUTERA MANDIRI,
REVAND PUTRA MANDIRI,
REZEKI TAK TERDUGA,
RICKY JAYA,
RIDING STYLE INDONESIA,
RIFANA MULYA ABADI,
RODA MITRA LESTARI,
RUMINGKANG RAHARJA,
SAKANTI,
SALERO BUNDO JAYA,
SALSA JARING PERSADA,
SANDANG JAYA ABADI,
SAP,
SARANA KARYA MANDIRI,
SARLIM CAKRAWALA UTAMA,
SINAR JAYA,
SINAR KEWENI BARU,
SINAR LAKSANA JAYA,
SIRALUTO JAYA ABADI,
SMART EDUCATION GROUP,
SOLAN,
SQUAD MULTI SOLUTION,
STAIRS STUDIO,
SUKSES KELOLA ANUGERAH,
SUMBER REJEKI,
SUNGAI INDAH,
SUPRA JAYA MOTOR,
SURYA DJAYA ABADI,
SURYA JAYA ABADI,
SURYA JAYA UTAMA,
SURYA SAKTI METALINDO,
SURYA WIJAYA SEJAHTERA,
SYAREKAH JAYA,
TEX STAR TRADING,
THREE JAYA TEKNIK,
TINTIN,
TOGA NUSANTARA,
TRIPLE TUJUH,
TRIPUTRA LESTARI,
TUMBUH SUBUR MAKMUR,
UAP AIR MANDIRI,
URBANINDO DEVELOPMENT,
VINNO JAYA,
WAHANA GUNA SANTOSA,
WONGCI BERKAH MANDIRI,
YRAMA WIDYA,
ADHITAMA MULTI PAINT,
AGUNG PESONA UTAMA,
AGUNG MOTOR,
AMARTA SEKAWAN,
AMAZON PET INDO,
ANUGERAH DUA SAHABAT,
ANUGRAH MANDIRI COOLINDO,
ARICO JAYA,
ARKANA SATYA ARDANA,
ARMEY JAYA MANDIRI,
ARYA ABADI MOTOR,
ASIA NUSANTARA GLOBAL,
AYAM PERKASA JAYA MEAT SHOP,
BAHTERA AGUNG,
BANCAKAN,
BANDUNG CAHAYA OTOPART,
BANDUNG KARYA DIESEL,
BANDUNG KEMASAN,
BANGUN ARTHA GUNA SEDAYA,
BANGUN CITRA LESTARI,
BANGUN SUKSES MANDIRI,
BASMALLAH FOOD,
BEN KURNIA ABADI,
BERKAH,
BERKAH AKMAL RAIHAN,
BERKAH BERSAMA,
BERKAT ABADI TEHNIK,
BERSAMA FAMILY AMK,
BINA PUSTAKA,
BINTANG GLOBAL MANDIRI,
BINTANG MESIN WIDLEY,
BIZMEDIA MANDIRI ABADI,
BOGA SAMITRA,
BUANA MEKAR MAKMUR,
BUDIMAN MOTOR,
CAHAYA KASIH HATI,
CAHYA KARUNIA JAYA,
CIAMIS MAKMUR SEJAHTERA,
CIJERAH JAYA SANITARI,
CIKARANG JAYA MOTOR,
CIPTA INDAH LESTARI,
CIPTA USAHA PRIMA,
CLASSY DECOR INDONESIA,
DADI ARTA NAYA,
DELIMA MANDIRI,
DELTAMAS MAKMUR PERKASA,
DENNISA MARINAS UTAMA,
DHARMAPUTRA,
DWITA KARYA,
EVA RELINA PUTRA,
FACINTAMA FLORA KARYA,
FELINDO ULTIMA JAYA,
FORTUNA,
FRINSA AGROLESTARI,
GEMILANG,
GEMILANG JAYA BANDUNG,
GEMILANG JAYA BEKASI,
GEMILANG JAYA CIKAMPEK,
GEMILANG JAYA GARUT,
GEO SYLVA LESTARI,
GOLDY JAYA,
GRAHA MULIA UTAMA,
GUNUNG JATI,
GUNUNG PUTRI MOTOR,
HARAPAN MANDIRI,
HAVANA,
HENDRA BEREA,
IBNU ASMAL,
IBNU ASMAL MARLIDA,
INDO GROUP,
INTAN JAYA SUKABUMI,
JANURAGA CIPTA SEJAHTERA,
JASA KARYA NUSANTARA,
JASMINE JAYA,
JAWARA KARSA AGUSTO,
JAYA ABADI MANDIRI,
JAYA MAKMUR ABADI,
JAYA TANI MAKMUR,
JENDELA MAS,
KARYA CIPTA LESTARI,
KARYA PERDANA,
KELLY ANUGRAH MANDIRI,
KEMASINDO CEMERLANG,
KIMASA,
KLINIK CIBADAK FARMA,
KOMBI SEHAT SEJAHTERA,
KREASI BUNDA,
KREASI MEDIA KOMPUTASI,
KREASI PRIMA,
LAMBERTUS MANJADDA (LMJ),
LANGGENG MANDIRI,
LESTARY MOTOR,
LILING GRAND INDONESIA,
MAC HOME AC SPECIALIST,
MAJU ABADI JUJUR UTAMA,
MAJU PANJUNAN,
MANDIRI CIPTA METALINDO,
MAWAR CIPTA MANDIRI,
MEGA KARYA NIRWANA,
MEGA MAKMUR BANGUNAN,
MEGA SAMUDRA ABADI,
MENEMUI PASIR MUTIARA,
MENOTEMBO KONGO,
MICROTECH,
MILLENIUM PUTRA MOTOR,
MITRA JAYA,
MITRA MANDIRI,
MITRA SAPUTRA,
MITRA SUKSES DISTRIBUSINDO,
MITRA USAHA,
MIURA LIMAN INDONESIA,
MOGADEEN ALTERNATIVE PARTS,
MUANAM BUDI JAYA,
MULIA HATI GEMILANG,
MULIA JAYA,
MULTAZAM MAKMUR MANDIRI,
MULTI ANUGERAH,
MULTI SARANA,
MUTIARA BARA TIMUR,
NAGAMAS MITRA ABADI,
NAGARAYA CIPTA SEMESTA,
NARENDRA TEKNIKATAMA,
NOVAL AASIYAH AL FAZZA,
NURUL MAKMUR JAYA,
PANCA PRO INDONESIA,
PARA KANCA SEJAHTERA,
PESONA CIWIDEY,
PESONA WARNA TEXTILE,
PRIANGAN MANUNGGAL SEJAHTERA,
PRIMA ANGKASA,
PRIMA SAKTI MOTOR,
PUDAK SCIENTIFIC,
QION'S PUTRA PERKASA,
RAJA AUTO MAKMUR,
RAJAWALI DECORATION,
RATU CAHAYA,
RATU NEETA BOGATAMA,
REJEKI PUTERA MANDIRI,
REJODADI NASIONAL TRANSPORTASI,
REZTU,
ROMORAJAYA,
RUMAH KAIN,
SAM,
SAMPURNA PART NIAGA,
SANTOSA KUSUMA,
SAP,
SARANA ABADI MANDIRI,
SARI LAUT,
SEJATI JATAYU MANDIRI,
SEMANGAT JAYA BERSAMA PLERED,
SHD - TRANS,
SHINJA MISINDO ABADI,
SINAR JAYA,
SINARMAS MOTOR,
SINGA MAS,
SOFIYAN MANDIRI,
SUBUR JAYA,
SUBUR MAKMUR JAYA,
SUKSES MAKMUR,
SUMBER JAYA ABADI,
SUMBER REJEKI,
SURYA GEMILANG PERKASA,
SURYA WIJAYA SEJAHTERA,
TIGA JAYA,
TIRTA MAS MOTOR,
TREESBEE,
TRI KARYA MANDIRI,
TRIDAYA TECHNIK,
TRIDJAYA ANUGERAH SUKSES,
TUNAS TANI MAKMUR,
USAHA ABADI RASA,
VALERIE ANDARA KIANI,
VARFORCEA NOWLY,
VICTORY BINTANG BAJA,
WAJAN BAJA GEMILANG,
WAWASAN SATU INDONESIA,
WIRA UTAMA,
WIRATAMA SOLUSI KREASI,
WIRELESSINDO,
YOGA RASA UTAMA,
AGUNG JAYA ABADI,
PANCA BERSAUDARA,
PUTRA NARATAS PERDANA,
SHAMARA SEJAHTERA,
TORKA,
PARAHYANGAN INDAH,
PB. NAHDATUL ULAMA,
PENDIDIKAN TINGGI PASUNDAN,
RUMAH SAKIT ISLAM TASIKMALAYA,
ULIL ALBAB,
WAQAF AL-MUHAJIRIEN JAKAPERMAI,
ADZKIA DAMIRI,
AL AMIN HIDAYATULLAH BANDUNG,
AL ARIF CIAMIS,
AL BAHJAH,
AL IKHLAS 86,
AL-IHYA INDONESIA,
AL-IKHLAASH BARANANGSIANG INDAH,
AL-MAS'UDIYAH,
AL-MUSADDADIYAH,
AL-UMMAHAT BEKASI,
ANNIZARIYYAH,
ASSABILATUL MUNAWWAROH,
AS-SYIFA AL KHOERIYAH,
ASTRA HONDA MOTOR,
BADAN PENDIDIKAN KRISTEN PENABUR,
BAITUL MAAL PLN,
BAITUL MAAL PT PLN,
BAKTI TUNAS HUSADA,
BEBAS SELAMAT INDONESIA,
BERKAH BAGI BANGSA,
BINA PRESTASI INDONESIA GEMILANG,
BINA UMAT UBAY BIN KAAB,
CAHAYA INSANI INDONESIA,
CANDI MAHA PANCABALA BANDUNG,
DAARUL HUSNA PARONGPONG,
DAARUT TAUHID,
DAKWAH HIDAYATULLAH PSTJAKARTA CABANGJABAR,
DARUL HIKAM BANDUNG,
DARUT TAUHID PEDULI,
DESA BERDAYA,
DOMPET DHUAFA REPUBLIKA,
FORUM PEMUDA BANGUN NEGERI,
GENERASI PEMBAHARU BANGSA,
GENERASI TANGGUH MULIA,
GERAKAN MEMAKMURKAN MASJID,
GLOBAL CAHAYA NUBUWWAH INSANI,
HAWILA BAHTERA MANNA,
HIDAYAH AMALIAH NIZAMUDDIN,
HURIP WALUYA,
INISIASI ALAM REHABILITASI INDONESIA,
INSTITUT TEKNOLOGI BANDUNG,
ISLAM AL HUDA BOGOR INDONESIA,
KARYA AKADEMI TEHNIK MESIN INDUSTRI,
KESEJAHTERAAN PEGAWAI BANK PEMBANGUNAN DAERAH JAWA BARAT DAN BANTEN,
KOPTIK ORTODOKS DI INDONESIA,
LEMBAGA PENGEMBANGAN SUMBERDAYA HUTAN IND,
MARDI YUANA,
MARGA ASAH TALENTA,
MARGASATWA TAMANSARI,
MARKAZ QURAN UTRUJAH,
MOCHAMAD THOHIR,
MULIA MEISOU INDONESIA,
MUTIARA CINTA BUDAYA,
PARAHYANGAN INDAH,
PARAHYANGAN SATYA,
PB. NAHDATUL ULAMA,
PELANGI ILMU PELITA IMAN,
PEMBINA ASUHAN BUNDA,
PENDIDIKAN DAYANG SUMBI,
PENDIDIKAN ISLAM AL-KAUTSAR,
PENDIDIKAN ISLAM DAN SOSIAL SATU HIJRIYAH 1427,
PENDIDIKAN SEBELAS APRIL SUMEDANG,
PENDIDIKAN TINGGI PASUNDAN,
PERSATUAN ISLAM PERSIS,
PONDOK PESANTREN DARUSSALAM,
RAHMATANLILALAMIN AL AMANAH,
RUMAH SAKIT ISLAM TASIKMALAYA,
SAHABAT LINGKUNGAN HIDUP,
SEMAI SINERGI UMAT,
SOS DESA TARUNA,
SOSIAL DAN PENDIDIKAN ISLAM DARUSSYIFA AL FITRAT SUKABUMI,
TARBIYAH SUNNAH,
TARBIYAH SUNNAH LEARNING,
TARBIYATUL ISLAMIYAH,
THE FORERUNNERS OF GOODNESS,
UNISBA,
UNIVERSITAS GARUT,
UNIVERSITAS KATOLIK PARAHYANGAN,
WAKAF SAHID HUSNUL KHOTIMAH,
ZAD AL-INSANIYYAH CIPANAS,
JATARA,
KRISTINA JAYA MANDIRI,
MITRA DHUAFA,
JASA,
SRY REJEKI,
KARYAWAN BTN KARAWANG,
KARYAWAN PT ASURANSI EOR INDONESIA,
SERBA USAHA MITRA SAUDARA,
PEGAWAI PTSWADHARMA SARANA INFORMATIKA,
EGTEL KANTOR PERUSAHAAN,
ABADI BERSAMA JAYA,
ABI UMI BERKAH,
ANDAN PUTRA MANDIRI,
ANGKUTAN UMUM BUDI LUHUR,
ASINAGABE,
BERKAT TWIN MANDIRI (BTM),
BINTANG JAYA PRATAMA,
BMT ITQAN,
BPR TANJUNG RAYA,
BUDHI KARYA,
CAHAYA MANDIRI,
CITRA BUANA ARTHA,
CITRA JAYA II,
DTU SYARIAH,
FORTUNA MANDIRI ABADI,
GABE ARTHA SEJAHTERA,
HARAPAN BARU,
HARAPAN KITA,
INSAN BERSAMA SEJAHTERA,
JASA PEMASARAN POJOK SYARIAH,
JASA SYARIAH KARANGGAAN LEMBUR MANDIRI,
JASA SYARIAH KHAIRU UMMAH,
JAYA BERSAMA,
KAR BANK PASAR KOTA BOGOR JASAKARYA,
KARISMA MITRA AMANAH,
KARYA JAYA SENTOSA,
KARYAWAN AL-MUHAJIRIEN JAKAPERMAI,
KARYAWAN ASSYIFA,
KARYAWAN SETIA KAWAN PT BAKRIE AUTOPARTS,
KARYAWAN UIKA,
KHARISMA JAYA,
KONSUMEN BERSAMA SAFFRIL JAYA,
KONSUMEN BINA USAHA MANDIRI INDONESIA,
KONSUMEN HOTMAN JAYA MANDIRI,
KONSUMEN LABANA JULIUS MANDIRI,
KONSUMEN MITRA ARTHA BANK BJB CABANG CJR,
KONSUMEN PARNA JAYA MANDIRI,
KONSUMEN PUTRA MANDIRI SEJAHTERA,
KONSUMEN SARI ATER,
KONSUMEN SEHATI JAYA MANDIRI,
KONSUMEN TUNAS GABE MANDIRI,
SEJAHTERA ABADI,
KAR JASA MARGA BHAKTI VIII,
KPRI KANCA WINAYA,
KREDIT PELANGI KASIH,
KREDIT SEJAHTERA,
BERKAT USAHA MANDIRI,
KARYATAMA,
DIT WAHANA MULIA,
KRISTINA JAYA MANDIRI,
MULANA MANDIRI,
ORION MARGANDAJAYA,
PRIMA JAYA ABADI,
MAULANA MANDIRI,
MULANA MANDIRI,
PS KHAIRU UMMAH,
PS MITRA ANGGOTA (SIRaA),
KSU DEVI MANDIRI JAYA,
KSU FRANS ARON JAYA,
MAJELIS TA'LIM AL AMANAH,
MAULANA MANDIRI,
MITRA JAYA MANDIRI SEJAHTERA,
MUTIARA JAYA SEJAHTERA,
PADAMUKTI,
PANDU MANDIRI JAYA,
PEDAGANG PASAR KRANGGAN,
PEGAWAI BANK TABUNGAN NEGARACABANG BANDUNG,
PEGAWAI DANA PENSIUN TELKOM,
PEGAWAI PERUM PERURI (ETRI),
PEGAWAI PT SWADHARMA SARANA INFORMATIKA,
PELITA DAMAI,
PEMASARAN BINTANG KEJORA CIANJUR,
PEMASARAN MITRA MORA JAYA,
PERMATA ABADI SEJAHTERA,
PETERNAK SAPI BANDUNG UTARA (KPSBU),
PRIMA JAYA ABADI,
PRIMER KARTIKA WIJAYAKARTA,
PRIMAU MAKO KOHARMATAU,
PUSKAR PTPN VIII,
REZEKI MAJU JAYA,
ROLAS ULI JAYA,
SEKAWAN DEBAR MANDIRI,
SERBA USAHA CAHAYA MANDIRI,
SERBA USAHA DOS NI ROHA,
SERBA USAHA JAYA ABADI,
SERBA USAHA KARYA BERSAMA KABUPATEN GARUT,
SERBA USAHA KARYA NIAGA,
ASIDO JAYA MANDIRI,
BANGUN JAYA JAYAKARTA,
BIMA SAKTI MANDIRI,
BINA ARTA REZEKI,
BINA BERSAMA MAKMUR,
CIPTA DANA,
CITRA BUANA ARTHA,
CITRA MANDIRI JABAR,
DAN PEMBIAYAAN SYARIAH BMT ITQAN,
GABE ARTHA SEJAHTERA,
KARYA BAITUL MANDIRI,
KARYA BERSAMA PRIMA,
KRISTINA JAYA,
MAHESSA JAYA MANDIRI,
MARASI GABE MULIA,
MARASI GABE MULIA (MGM),
MARIO DAMAI SEJAHTERA,
MARNI JERMIA PARTOGI,
MILLARDO DAMAI SEJAHTERA,
MITRA DHUAFA,
MITRA MANUGGAL,
MITRA MANUNGGAL,
MITRA USAHA MANDIRI,
MULANA JAYA,
PUTRA WIJAYA MANDIRI,
RENTHA JAYA ANUGERAH,
RUKUN SEJAHTERA,
SINAR GUMAY INDONESIA,
SINERGI ANUGERAH TERPADU,
SUKABUMI SEJAHTERA BERSAMA,
SWADAYA MANDIRI,
SYARIAH BAITURRAHIM,
TEKAD MAKMUR,
SINAR GUMAY,
SITINJAK MARSADA JAYA,
SOALA GOGO JAYA,
SP TRIMANUNGGAL SEJAHTERA ABADI,
SPPS BUNGA SINAR MENTARI,
SPPS TUNAS ARTHA MANDIRI,
SUMBER MAKMUR,
SUMBER MAKMUR PROP JAWA BARAT,
SWADHARMA WILAYAH 04 BANDUNG,
TERATAI MANDIRI,
TIRTA KARYA PDAM,
TRI MITRA SEJAHTERA BERSAMA,
TUBANGARNA SIANIPAR JAYA,
UNIT DESA BAYONGBONG,
KAR PT PLN (PERSERO) CITRA PIJAR,
KAR PT PLN (PERSERO) GITRA PIJAR,
RASI TRIMANUNGGAL SEJAHTERA ABADI,
BANDUNG JAYA PRATAMA,
BANGUN JAYA JAYAKARTA,
KRISTINA JAYA JABAR,
MAHESSA JAYA MANDIRI,
PUTRA WIJAYA MANDIRI,
TRIMANUNGGAL SEJAHTERA ABADI,
PS AL USWAH INDONESIA,
PS BMT ANUGRAH BERKAH,
