Company,KBLI
ADIGUNA EKA SENTRA,20118
BUANA ARTA TECHSINDO,28113
BRAYAT WIROHUSODO,Not Found
DOLARINDO INTRAVALAS PRIMATAMA,Not Found
HADE SUKSES SELARAS,Not Found
INDOWOOYANG,10399
A.W FABER- CASTELL INDONESIA,Not Found
AARTI JAYA,
AARTI JAYA VELVET INDUSTRI,13930
ABACUS CASH SOLUTION,Not Found
ABADI MAKMUR ANUGERAH,Not Found
ACCES PRIMA NUSANTARA,Not Found
ACURRA SOLIDTECH ADISEJAHTERA,Not Found
ADILAFI,Not Found
ADITYA MANDIRI KONSTRUKSI,Not Found
ADVANCED POWER TECH,Not Found
ADYACEDA AMANDELIS,Not Found
ADYAWINSA STAMPING INDUSTRIES,29300
AFI COMMUNICATIONS,Not Found
AGANSA PRIMATAMA,Not Found
AGRA DIPA RAHARJA,Not Found
AGRONESIA,22192
AGUNG RAHARDJA MANUNGGAL YUDHA,Not Found
AIKO NEGARA DAHA,Not Found
AIRLANGGA JAYA MANDIRI,Not Found
AKBAR BUDI SAKTI,Not Found
AKSA ETHES NARATAMA,Not Found
AKSES MAJU BERSAMA,Not Found
ALFATIH INDO TEKNOLOGI,Not Found
ALMASGAS,Not Found
ALTHAF FAJAR MANDIRI,Not Found
AMANAH MITRA MANDIRI,Not Found
AMARYLLIS WIJAYA KUSUMA,Not Found
AMONG INSAN UTAMA,Not Found
ANABA INDONESIA,Not Found
ANDALIRA CIA ABADI,Not Found
ANEKA PIRANTI INTIKARSA,Not Found
ANEWA CIA INDONESIA,Not Found
ANGEL JAYA GLOBALINDO,13921
ANTINA MANDIRI SEJAHTERA,Not Found
ANUGERAH CAHYA PERKASA,Not Found
ANUGERAH KALINDO UTAMA,Not Found
ANUGERAH PATRIAWIRA,Not Found
ANUGERAH SENTRA MEDIKA,Not Found
ANUGRAH BUMI CIHERANG,Not Found
ANUGRAH TATA SARANA,Not Found
ANUGRAHMITRA SELARAS,Not Found
ARDA CIA KEMASINDO,Not Found
ARIF JAYA MAKMUR,Not Found
ARMAS LOGISTIC SERVICE,Not Found
AROW MULTI USAHA,Not Found
ARRA MANDIRI ENERGY,Not Found
ARTA CITRA HARMONI,
ARTAMAS KURNIA,Not Found
ARTHA MANDIRI ALKESINDO,Not Found
ARTHA SABENA PUTRA,Not Found
ARTHA UTAMA GEMILANG FOODINDO,Not Found
ARYA MITRA TRANS LOGISTIK,Not Found
ARYA SATYA TUNGGAL ALUMINIUM,Not Found
ARYANATA SEJAHTERA LESTARI,Not Found
AS PUTRA,25920
ASA PANCA CIA OIMA,Not Found
ASHYA JAYA INDUSTRI,Not Found
ASIA JAYA FOOD,10710
ASIA MATAHARI KUAT,10772
ASIA PUPUK GUNA LESTARI,Not Found
ASIA ROMA INDONESIA,Not Found
ASP LAND DEVELOPMENT,Not Found
ASRI KARYA LESTARI,Not Found
ASRILAND,Not Found
ASTRA INTERNASIONAL TBK,Not Found
ASTRA INTERNATIONAL TBK,
ASURANSI ASKRIDA SYARIAH,Not Found
AUTO PAINT MOBILINDO,Not Found
AWLA SYNERGY ABADI,Not Found
AYAM GORENG FATMAWATI INDONESIA,Not Found
BAAJ GLOBAL MANDIRI,Not Found
BACH COFFEE INDONESIA,Not Found
BAGUS JAYA KAROSERI,
BAHANA TOTALINDO TEKNIK,Not Found
BAHTERA LAJU NUSANTARA,13921
BALINA AGUNG PERKASA,Not Found
BALUBUR JAYA PRATAMA,Not Found
BANDUNG DIGITAL GROUP,Not Found
BANDUNG KERAMIK,Not Found
BANDUNG PAKAR,Not Found
BANGUN BERKAT JAYA LESTARI,22299
BANGUN PRESTASI BERSAMA,Not Found
BANGUN RASAGUNA LESTARI,10590
BANGUNJAYA MITRA SEJAHTERA,Not Found
BANK BTPN SYARIAH TBK,Not Found
BANK JABAR BANTEN SYARIAH,Not Found
BANK JABAR BANTEN SYARIAH KCP LEMBANG,Not Found
BANK JABAR GARUT,Not Found
BANK MULTIARTA SENTOSA,Not Found
BANK PERKREDITAN RAKYAT BRINGIN DANA SEJAHTERA,Not Found
BANK PERKREDITAN RAKYAT KARYA KURNIAUTAMA,Not Found
BANK PERKREDITAN RAKYAT KREDIT MANDIRI INDONESIA,Not Found
BANK PERKREDITAN RAKYAT NATA CITRAPERDANA,Not Found
BANK PERKREDITAN RAKYAT PANJAWAN MITRA USAHA,Not Found
BANK PERKREDITAN RAKYAT SIRAYA KARYA BAKTI,Not Found
BANK PERKREDITAN RAKYAT TUTUR GANDA,Not Found
BANK PERKREDITAN RAKYAT VARIA CENTRALARTHA,Not Found
BANK RAKYAT INDONESIA ( PERSERO ) TBK,Not Found
BANK RAKYAT INDONESIA (PERSERO ) TBK,Not Found
BANK RAKYAT INDONESIA (PERSERO) TBK,Not Found
BANK SYARIAH INDONESIA,Not Found
BANK TABUNGAN PENSIUNAN NASIONAL SYARIAH TBK,Not Found
BANYU ENERGI TEKNINDO,Not Found
BARA TRANS PERKASA,Not Found
BAROKAH SEJAHTERA TEKNIK,Not Found
BATTLEXS ANUGERAH ABADI,14111
BAYU BUANA GEMILANG,Not Found
BAYU SINERGI,Not Found
BCH INTERNATIONAL,10750
BELA ANUGERAH ESA,14111
BELA PARAHIYANGAN INVESTINDO,Not Found
BELAPUTERA INTILAND,Not Found
BENEFITA INDONESIA,Not Found
BENTARA KARYA MULIA,Not Found
BEA SEJAHTERA BERSAMA,Not Found
BERDIKARI INDO SUPER GROSIR,Not Found
BERKAH DUA PILAR,Not Found
BERKAT ANUGERAH MULIA,Not Found
BERKAT BUNDA MELIMPAH,Not Found
BERKAT CITRANI MITRA SEJATI,32502
BERKAT MAKSIMAL IKHTIAR,Not Found
BERKAT MULIA PRATAMA,Not Found
BERKAT PUTRA MANDIRI,Not Found
BERKAT SEJATI TRANSINDO,Not Found
BERKAT TECHNICA ABADI,Not Found
BERTINDO MITRA UTAMA,Not Found
BESTOW HARAPAN INDAH,Not Found
BILANG TEKNO PERSADA,Not Found
BIMA ADIKARYA PERSADA,Not Found
BIMA PERKASINDO,Not Found
BIMETA KARNUSA,17021
BINA CITRA UTAMA SEJAHTERA,Not Found
BINA PERKASA TEKNIK,Not Found
BINABINTANG PRIANGAN,Not Found
BINAVALASINDO DOLARASIA SEJAHTERA UTAMA,Not Found
BINTANG CHEMICAL ABADI,20121
BINTANG CIAPERKASA,Not Found
BINTANG KEMAKMURAN,Not Found
BINTANG MAHAMERU SEJAHTERA,Not Found
BINTANG TOEDJOE,21022
BIOCARE SEJAHTERA,Not Found
BIOSANT TIRTA LESTARI,22293
BIRO PERJALANAN WISATA NEEKOI,Not Found
BOGOR RAYA ECOPARK,Not Found
BOTRAM MAHKOTA PARAHYANGAN,Not Found
BPFILTERS INDONESIA MANDIRI,Not Found
BPR ARTHA JAYA MANDIRI,Not Found
BPR BANJAR ARTHASARIGUNA,Not Found
BPR BUMI BANDUNG KENCANA,Not Found
BPR CILEUNGSI KRIDASEJAHTERA,Not Found
BPR DANA MANDIRI BOGOR,Not Found
BPR DUTA ARTHA SEJAHTERA,Not Found
BPR HASA MITRA JAWA BARAT,Not Found
BPR NUSAMBA SINGAPARNA,Not Found
BPR NUSANTARA BONA PASOGIT 19,Not Found
BPR SUPRA ARTAPERSADA,Not Found
BPR TUTUR GANDA CABANG KUNINGAN,Not Found
BPR UKABIMA LUMBUNG SEJAHTERA,Not Found
BRAGA TEXCHEM INDUSTRY,Not Found
BUDI MAKMUR PERKASA,10633
BUKIT MAKMUR MANDIRI UTAMA,
BUKIT WARNA ABADI,20113
BULINDO BANGUN LESTARI,Not Found
BUMI KENCANA INDAH,Not Found
BUMI NINI PANGAN INDONESIA,Not Found
BUMI SENTOSA MAKMUR,Not Found
BUMI SURYA ANUGERAH PUTRA,Not Found
BUMINDO SARANA TRANSPORTASI,Not Found
CAHAYA AULIA TEKNIKA,Not Found
CAHAYA BEKASI BAJATAMA,Not Found
CAHAYA BENTENG MAS,25119
CAHAYA CIA MANDIRI,Not Found
CAHAYA MUTIARA BUNDA,Not Found
CAHAYA TRIARTHA MULIA,Not Found
CAKRABUANA PESONA,Not Found
CAPREFINDO,Not Found
CARMELLA GUSTAVINDO,Not Found
CENTRAL TEXINDO,13132
CENTRALINK SENTOSA,Not Found
CHINLI PLASTIC MATERIALS,15202
CHINLI PLASTIC MATERIALS INDONESIA,15202
CIANJUR SUGIH MUKTI,Not Found
CIBUBUR INDAH MOTOR,45201
CIKAL BUANA PERSADA,Not Found
CIA BARAYA LOGISTIK,Not Found
CIA DAYA MALINDO,Not Found
CIA DWIKARYA INTERNASIONAL,Not Found
CIA KARYA MANDIRI,Not Found
CIA MANDIRI ELEKTRINDO,Not Found
CIAPRESISI SARANA TEKSINDO,Not Found
CITRA ABADI TEKNIK INDONESIA,Not Found
CITRA BONANG,Not Found
CITRA CELEBAS MULTIMEDIA,Not Found
CITRA CIANJUR PRIMA,Not Found
CITRA EKSA DJAJA,Not Found
CITRA GRAFIKA SEJAHTERA,Not Found
CITRA KAMOJANG SEJAHTERA,Not Found
CITRA KURNIA CHEMINDO,Not Found
CITRA MENARA MAS,13113
CITRAPRIMA EKASHAKTI,Not Found
COSMA MITRA SEJAHTERA,Not Found
CRK FILM INDONESIA,Not Found
CSM CORPORATAMA,Not Found
CYBERPLUS MEDIA PRATAMA,Not Found
DAMAR DELAPAN UTAMA,Not Found
DAMAS CIA MANDIRI,Not Found
DANS SEHAT FARMA,Not Found
DASA PRIMA,
DATAKOM STRATA TIGA,Not Found
DAYA ANUGRAH MANDIRI,45407
DAYA MITRA TEKINDO,Not Found
DEASSY SUKSES MULTI USAHA,Not Found
DEHACO PRATAMA PUTRA,Not Found
DELTA KAPUAS SUKSESINDO,Not Found
DELTA PETRO,Not Found
DELTA SURYA PERSADA,Not Found
DHANAR MAS CONCERN,13112
DHARMA JAYA LAKSANA UTAMA,Not Found
DHARMATAMA INTI LESTARI,Not Found
DIAN PURI KARTA,Not Found
DIGITAL OTOMA SOLUSI,Not Found
DIPO STAR FINANCE,Not Found
DISTRIVERSA BUANAMAS,Not Found
DITRACO BANGUN SARANA INTERNASIONAL,38301
DRAF GASITAS,Not Found
DUA PUTRA PERKASA PRATAMA,Not Found
DUA PUTRA SRIKANDI,20221
DUTA ANUGRAH DAMAI SEJAHTERA,Not Found
DUTA ENERGI ARTHABUMI,Not Found
DUTA GRAFIKA INDONESIA,Not Found
DUTA KALASUBA NUSANTARA,Not Found
DUTA KEMAS INDONESIA,Not Found
DUTARAYA INVESTINDO,Not Found
DWIHANDAL HADETRADA INDONESIA,22291
DWIKARYA INDONESIA MANDIRI,Not Found
DYMATIC CHEMICALS INDONESIA,Not Found
EDIFLY SOLUSI INDONESIA,Not Found
EIGERINDO MULTI PRODUK INDUSTRI,
EKA SUMBER ABADI,Not Found
EKA SURYA WIJAYA,45407
EKAMANT INDONESIA,23990
EKSPANINDO PRIMA MULTIMEDIA,Not Found
ELANG BATUAH INDONESIA,Not Found
ELANGPERDANA TYRE INDUSTRY,Not Found
ELEKTRIKA MULTIKATAMA,Not Found
ELMINA SEVICE HAJJ,Not Found
ELPRIMA KENCANA,Not Found
EMART PRATAMA CADOFA,Not Found
ENERGI ENTELEMI INDONESIA,Not Found
ENESERS MITRA BERKAH,26602
ENSEVAL PUTERA MEGATRADING TBK,Not Found
ERA PERMATA SEJAHTERA,Not Found
ERA WARNA MANDIRI,Not Found
ERVIX MEDIKA UTAMA,Not Found
ETEDAAL PETRO SERVICES,Not Found
EXCELINDO RAJA ABADI,Not Found
FAHER HAYAD BERSATU,Not Found
FAHREZA DUTA PERKASA,Not Found
FAJAR BUANA INTERNUSA TRANS,Not Found
FAMED CALIBRATION,Not Found
FASTERINDO FORMWORK INDONESIA,Not Found
FERINATEX JAYA,13132
FLOREX FARMINDO,Not Found
FRISANSHA ANUGERAH ALKESINDO,Not Found
GABY BERKAT SEJAHTERA,Not Found
GAJAH KEMBAR MAKMUR,Not Found
GANDA PUTERA INSAS,Not Found
GAPURA KERO,Not Found
GAPURA MANDIRI SEMESTA,Not Found
GARDA TOTAL SECURINDO,Not Found
GARUDA GEMILANG INDONESIA,Not Found
GARUDA NUSANTARA STEEL,Not Found
GARUDAFOOD PUTRA PUTRI JAYA Tbk,Not Found
GEMERLAP JAYA PRIMA,27900
GEMILANG PRIMA UTAMA,Not Found
GENTA BUANA ENGINEERING,
GERBANG KARYA SENTOSA,Not Found
GHEWANTIKA KONSTRUKSI,Not Found
GIPSINDO GRAHATAMA,Not Found
GIZI PANGAN UTAMA,Not Found
GLOBAL ASIA CHEMICALS,20118
GLOBAL CITRA PRIMAKARYA,Not Found
GLOBAL DAIRI ALAMI,10510
GLOBAL SEJAHTERA KEMASINDO,Not Found
GLOBAL SOLUSI SEJAHTERA,Not Found
GLOBAL TEKNOLOGI TERAINDO,Not Found
GOLDTEK UTAMA MANDIRI,Not Found
GRACIA JAYA MAKMUR,Not Found
GRAHA CURAH NIAGA,Not Found
GRAND TWINS ENGINEERING,13111
GRIYA BANYU BIRU,Not Found
GRIYA SUKAMANAH PERMAI,Not Found
GUITTARA MAHAKARYA MEDIKA,Not Found
HADI PUTRA JAYA,Not Found
HALUAN DAYA NIAGA,Not Found
HANDAL ENJINIA INDONESIA,Not Found
HANJIN INSOLE INDONESIA,15201
HARIANTO MITRA USAHA,Not Found
HARMONI UTAMA TEKSTIL,13921
HDE PRATAMA LOGISTICS,Not Found
HEKSA GARDA UTAMA,Not Found
HEMAT PISAN INDONESIA,Not Found
HENDARSYAH SURYA PUTRA,Not Found
HIRA KARYA ABADI,Not Found
HIRA MULIA ABADI,Not Found
HIRA UTAMA GROUP,Not Found
HNY EKSPRES INDONESIA,Not Found
HOKI MART INDONESIA,Not Found
HUSNAN PUTRA MANDIRI,Not Found
HYDRA PRESINDO PERKASA,Not Found
HYUNDAI MOBIL INDONESIA,45201
IDEAS SEMESTA ENERGI,Not Found
IMA MONTAZ TEKNINDO,Not Found
IMMORTAL COSMEDIKA INDONESIA,20232
INAKA MULIA TRIKARYA,Not Found
INBLOOM KARYA CEMERLANG,Not Found
INDIKA LOGISTIC & SUPPORT SERVICES,Not Found
INDO DAYASURYA PERSADA,Not Found
INDO EVERGREEN AGRO BUSINESS COORPORATION,Not Found
INDOHADETAMA,
INDOMEDIKA DUTA MANDIRI,Not Found
INDONESIA BAKERY FAMILY,10710
INDOSUBUR SUKSES MAKMUR,Not Found
INDOTAMA MULTI SARANA,Not Found
INDRAPRASTHA TEKNIKA UTAMA,Not Found
INHUTANI II,Not Found
INOUT FURNITURE INDONESIA,Not Found
INOVASI MULIA KREASINDOTEX,13996
INOVASI TJARAKA BUANA,Not Found
INTAN UTAMA LOGISTIK,Not Found
INTEGRA PRIMA SOLUSINDO,Not Found
INTEGRATED SUSTAINABLE RISK SOLUTIONS INDONESIA,Not Found
INTERNASIONAL PRIMA NIAGA,Not Found
INTI MULTIMA SERTIFIKASI,Not Found
INTI STEEL SEJAHTERA,Not Found
INTI WIJAYA MANDIRI,Not Found
INTILAUT SARIRASA INDONESIA,10774
IPONIA ARMADA MITRA TRANSPORTASI,Not Found
IRKA JAYA ERKON,Not Found
ISPAT BUKIT BAJA,24102
ISTANA FAISINDO UTAMA,Not Found
JAGO SUKSES MAKMUR,Not Found
JAKARTA ELECTRIC INDONESIA,Not Found
JAKARTA KOMUNIKASI INDONESIA,Not Found
JALADHARA MRECUKUNDHA,Not Found
JALAN HIJAU,Not Found
JATIASIH DISTRIBUSINDO RAYA,Not Found
JAVANICE INDONESIA PERKASA,Not Found
JAYA BINANGUN BHASKARA PRIMA,Not Found
JAYA INTER SUPRA,Not Found
JAYA MANDIRI BERKAH,Not Found
JAYA SUKMA MAKMUR,Not Found
JAYA TEKNIK PONDASI,Not Found
JAYA UTAMA PERKASA,Not Found
JAYAMAS DWI PERKASA,11051
JAYAWIJAYA PUTRA MANDIRI,Not Found
JEMBAR MUKTI SEDAYA,Not Found
JIMODA,25920
JKS KASIH SAYANG,Not Found
JODAMU EXCHANGE,Not Found
JOHAR MITRA UTAMA,33122
JULIARTHA JAYA PRATAMA,Not Found
JUSINDO SUMBERPRAKARSA,14111
KAMAJAYA TRI LAKSANA,Not Found
KAO INDONESIA,17091
KARABHA DIGDAYA,Not Found
KARSA YASA CIA CONSULT,Not Found
KARTIKA FOOD INDUSTRY,10710
KARYA ASRI MANDIRI,Not Found
KARYA BHAKTI PRATIWI,Not Found
KARYA MITRA SERAYA,31001
KARYA PERDANA TRANSPORTAMA,Not Found
KARYAMITRA LESTARI KEMASEJAHTERA,17022
KEMILAU ABADI SEJAHTERA,Not Found
KIANDA PRATAMA ENERGY,Not Found
KILAT WAHANA JENGGALA,27900
KIM TECHNOLOGY SOLUTIONS,Not Found
KIMIA FARMA APOTEK,Not Found
KIMIA JAYA UTAMA,Not Found
KOPO JAYA MANUNGGAL,Not Found
KREASI INDUSTRI TRAY,Not Found
KREASI INTINUSA MANDIRI,Not Found
KREASI JAFA MEDIA,Not Found
KREASI MANDIRI PERKASA,Not Found
KREASI PRIMA NUSANTARA,Not Found
KUNCI SUKSES ABADI,Not Found
KURNIA CIPINANG JAYA,Not Found
KURNIA MAJU JAYA,Not Found
KUSUMA TANJUNG PERSADA,Not Found
KUSUMA WIJAYA INFINITI,Not Found
KUSUMASEJATI INTIPRIMA,Not Found
KWARTA MEGA PERSADA,Not Found
LAJU LINGKAR SEJATI,Not Found
LAJU MEGAH MANUNGGAL,Not Found
LAJU SAKTI JAYA,Not Found
LAM JAGAR NATIO,Not Found
LAMPURA TEKNIK MANDIRI,Not Found
LANCAR LANGGENG REKATAMA,Not Found
LANCAR SAKTI LUBRINDO,Not Found
LEGALIA SUKSES MANDIRI,Not Found
LEGNO TROPICALINDO,Not Found
LESTARI MAHAPUTRA BUANA,32901
LIMA BERKAT SEJAHTERA,Not Found
LIMAS EXPRESS EXECUTIVE,Not Found
LINGGA MEKAR ENGINEERING,Not Found
LINTAS CAKRA CIA,Not Found
LINTAS DATA TRANS,Not Found
LINTAS JAYA RAYA,Not Found
LINTAS NUSANTARA PERDANA,Not Found
LISTRIK SARANA JABAR,Not Found
LKM AKHLAKUL KARIMAH,Not Found
LOGAM JAYA ABADI,
LORRO SAE ABADI,Not Found
LUCKY PERDANA MULTIMEDIA,Not Found
LULU LERE AISA,Not Found
LUMINO ALUMUNIUM BANGUN KONTRUKSI,Not Found
LUSINDONAULI PUTRA MANDIRI,Not Found
MAJU JAYA SUKSES ABADI,Not Found
MAKMUR SEJAHTERA CIAKREASI,Not Found
MANDIRI CIA PERKASA UTAMA,Not Found
MANDIRI CIA SEJAHTERA,Not Found
MANDIRI MAHA DAYA,Not Found
MANDIRI MEDIKA FARMA,Not Found
MANEKINDO MULTI KREASI,23959
MANEUNGTEUNG ANUGERAH MANDIRI,22299
MANGGALA DUTA,Not Found
MANUNGGAL SUMBER DAYA,Not Found
MARDIZU SEJAHTERA,Not Found
MARGA NUSANTARA JAYA,Not Found
MARKAINDO SELARAS,Not Found
MARKONI MANDIRIPERKASA,Not Found
MASKITANI JEMBAR LESTARI,Not Found
MATA ELANG STRATEGIC,Not Found
MATA PELANGI CHEMINDO,20116
MAX KREASI INDONESIA,Not Found
MECHANISTORE SUKSES BERSAMA,Not Found
MEDIA LINTAS DATA,Not Found
MEGA BANGUNAN INDAH,Not Found
MEGA DUNIA KONSTRUKSINDO,Not Found
MEGA KAPUAS DINAMIK,Not Found
MEGA OCEAN JAYA,Not Found
MEGA UTAMA MEDICA,Not Found
MEGA VIRIYA INDONESIA,Not Found
MEGAH KAYU INDUSTRI,
MEGAH TATA SERUNI,Not Found
MEGATEKNIK UTAMA MANDIRI,Not Found
MEI INDITHYA TALENTA,Not Found
MEKAR AGUNG SEJAHTERA,Not Found
MEKATRINDO TIRTA ABADI,Not Found
MENARA GADING MULIA,Not Found
MERAPI MAJU MAKMUR,Not Found
METAGUNA INNOVA,Not Found
METRINDO,26210
METRO NIAGA HUTAMA,Not Found
METROPOLITAN CITY CENTER,Not Found
MILLENNIUM PHARMACON INTERNATIONAL TBK,Not Found
MINOFA MULTI SUKSES,Not Found
MITRA ANGKASA RAYA,Not Found
MITRA BISNIS KELUARGA VENTURA,Not Found
MITRA CHEMINDO UTAMA,
MITRA HANDAL SEJAHTERA,Not Found
MITRA INDUSTRI JAYA,Not Found
MITRA JARINGAN GLOBAL,Not Found
MITRA MANDALA SEMESTA PUSAKA,Not Found
MITRA PINASTHIKA MUSTIKA,
MITRA PINASTHIKA MUSTIKA RENT,
MITRA SUKSES PLASINDO,38302
MODERNLAND REALTY TBK,Not Found
MORSOL GARINA MANDIRI,Not Found
MOUNT SCOPUS INDONESIA,10710
MSTC ANUGERAH SEJATI,Not Found
MUARA KARYA NUSANTARA,Not Found
MUARA SAKTI UTAMA,26511
MUDA JAYA ABADI,Not Found
MUFIDAH MEDIKA SAWANGAN,Not Found
MUKTI UTAMA LESTARI,Not Found
MULIATIARA EKSTRA PRESTASI,Not Found
MULTI ADHI PERKASA,Not Found
MULTI ADIRA PLASINDO,22220
MULTI MITRA LOGISTIK,Not Found
MULTI SANDANG TAMAJAYA,13121
MULTINDO TECHNOLOGY UTAMA,25920
MULYA JAYA AYU PRIMA,Not Found
MUSIKA NADA AUDIO,Not Found
MUTIARA SUMBER ABADI,Not Found
NAFRIYA ABADI MOTOR INDRAMAYU,45407
NAGATECH NETWORK INDONESIA,Not Found
NAIKI SEMESTA,Not Found
NIAGA HANDAL CEMERLANG,Not Found
NID PRATAMA KARYA,Not Found
NIKITA MITRA JAYA,Not Found
NIKKARI GROUP INDONESIA,Not Found
NITRO PRATAMA INDONESIA,Not Found
NUR CAHAYA LIMO,Not Found
NUSA RAYA ENERGI UTAMA,Not Found
NUSANTARA LANGLANG BUANA,Not Found
OMEGA TAIYO TEKNOLOGI,28221
OIMA SMARTINDO INDUSTRY,Not Found
ORIENT INDO CHEMORI,Not Found
ORTHOPLUS,Not Found
OZORA AGRI INDONESIA,Not Found
PACIFIC MOTOR,Not Found
PADI HIJAU BUANA,Not Found
PANATRON MEKATRONIK PASTIMA,Not Found
PANCA BINTANG CEMERLANG,Not Found
PANCA BUANA ABADI,22220
PANFILA INDOSARI,11051
PANGKAL MULTIKARYA,Not Found
PANGKALAN LINTAS DATA,Not Found
PANORAMA SURYA ANDALAN,Not Found
PASIFIK INDO PUSPITA,Not Found
PELANGI TEKNIK PERSADA,Not Found
PELITA ABADI SEJAHTERA,Not Found
PENGGUIN BIRU KUNING,Not Found
PENGOLAHAN LIMBAH INDUSTRI BEKASI,Not Found
PERDONI,Not Found
PERKASA PRIMARINDO,23929
PERMATA ABADI BERSAUDARA,17022
PERMATA PROFISH INTERNASIONAL,Not Found
PERTALUBE NUSA JAYA,Not Found
PERTAMINA TRAINING & CONSULTING,Not Found
PERWIRATAMA DARMAGUNA,Not Found
PLANET EXELENCIA PHARMACY,Not Found
PLANET EXCELENCIA PHARMACY,Not Found
PLANET EXCELENSIA PHARMACY,Not Found
PORDJO STEELINDO PERKASA,Not Found
PRABU PENDAWA MANUNGGAL,Not Found
PRADASA,20232
PRADJA NUSA PROPERTINDO,Not Found
PRATAMA JAYA PERKASA,Not Found
PRIMA GALVIN SUKSES,Not Found
PRIMA SOEAKA BUANA,Not Found
PRIMA VISUALINDO,Not Found
PRIMACIA GRAHASENTOSA,Not Found
PRIMANRU JAYA,38302
PRIMAPACK MITRA UTAMA,Not Found
PRIMARASA CITRATAMA,Not Found
PRIMATAMA KARYA DINAMIKA,Not Found
PROXIS SAHABAT INDONESIA,63111
PUNCAK LEMBAH HIJAU,Not Found
PUNGGAWA INTERMODA,Not Found
PURI AVIA,Not Found
PURWA WANGI PUSAKA JAYA,Not Found
PURWASUKA JAYA GAS,Not Found
PUSPITA CIA,Not Found
PUSTEK ENERGI DAN TEKNOLOGI,Not Found
PUTERA RAJA SEJAHTERA,Not Found
PUTRA DUA PERKASA,Not Found
PUTRA JAYA PRATAMA,Not Found
PUTRA MENARA PERKASA,Not Found
PUTRI ARSANTI MANDIRI,Not Found
PW INDONESIA,Not Found
QUADRAN SOLUSI ENJINERING,Not Found
RABAT ABADI JAYA,Not Found
RADIO SUARA ADYASAMUDRA,Not Found
RAFINDO IRON STEEL,Not Found
RAFIQA RASYA RIZKY,Not Found
RANATA AIR NETWORK,Not Found
RASPARI MEGA STORE,Not Found
REGAMAS NUSANTARA INDONESIA,Not Found
REKAN DAYA PERKASA,Not Found
REKANATA AKBAR JAYA,Not Found
REVASS UTAMA MEDIKA,Not Found
REVOLUTEK DANANJAYA MANDIRI,Not Found
RIGSPEK PERKASA,25910
RISELOKA GLOBAL MANDIRI,Not Found
RISMAWAN PRATAMA BERSINAR,Not Found
RIZQULLAH MEDISKA INDONESIA,Not Found
ROHTO LABORATORIES INDONESIA,22299
ROMINDO PRIMAVETCOM,Not Found
RUDOLF CHEMICALS INDONESIA,20118
RUSLAM CEMPAKAPUTIH JAYA,Not Found
SABATANI GLOBAL SOLUSINDO,Not Found
SAFETY SIGN INDONESIA,25999
SAHABAT MULTI SARANA,Not Found
SAHARA BOGATAMA INDONESIA,Not Found
SAJIRA MAHARDIKA,Not Found
SAKURA PRIMA JAYA LESTARI,Not Found
SAMKAM MITRA JAYA,Not Found
SAMUDERA INSAN TEKNIK,Not Found
SANJAYATAMA ADI PERDANA,Not Found
SANPRIMA SENTOSA,Not Found
SAA SARI TAMA,Not Found
SARANA KENCANA MULYA,Not Found
SARANA PERMATA ELEKTRIK,Not Found
SARANA PRIMA SOLUSI INDONESIA,Not Found
SARI ALAM SUKABUMI,21021
SARI DAYA PLASINDO,20119
SARI DUMAI OLEO,20115
SATRINDO MITRA UTAMA,28210
SEITETSU ENGINEERING TECHNOPARTS,
SEJAHTERA INTI ANUGRAH PERKASA,45407
SEJIN JAYA LESTARI,Not Found
SEKAR ANUGRAH MANDIRI,Not Found
SEKOLAH SENIMAN PANGAN,Not Found
SELALU BERMANFAAT SELAMANYA,10392
SEMBILAN BELAS MULTI USAHA,Not Found
SEMPANA DERAGAS PRAKARSA,Not Found
SENDANG REJEKI BINANGKIT,Not Found
SENTINEL MITRA ADIYAKSA,Not Found
SENTRAL ELC,Not Found
SENTRUM AUTOTRANSINDO,Not Found
SERA MUKTI NIYASA,Not Found
SERASI AUTORAYA,
SERAYU TEKNOLOGI INDONESIA,Not Found
SETIA BUDI HOJAYA,Not Found
SETIANITA MEGAH MOTOR,Not Found
SIGAP LINTAS NUSANTARA,Not Found
SILIWANGI JAYA BAROKAH,Not Found
SILUET NYOMAN NUARTA,Not Found
SINAR BAUT ABADI,Not Found
SINAR BENGAWAN MANDIRI,Not Found
SINAR BINTANG BUANA,Not Found
SINAR CIA MANDIRI,Not Found
SINAR INSPIRASI NEGERI,Not Found
SINAR KANDANG UTAMA,Not Found
SINAR MULIA SEJAHTERA,29300
SINAR NIAGA SEJAHTERA,Not Found
SINAR NIRWANA SARI,Not Found
SINAR REJEKI LEMBANG,Not Found
SINAR RUNNERINDO,15202
SINERGI CARGO INDONESIA,Not Found
SINERGI INDO ATSIRI,Not Found
SINERGI UTAMA PERSADA,27900
SINGA TEKNIK INDONESIA,Not Found
SINGGASANA WITRA SURYAMAS,Not Found
SINKONA INDONESIA LESTARI,21011
SLS LAHARINDO,Not Found
SMART TEKNIK UTAMA,Not Found
SNP INDONESIA,Not Found
SOLSTICE ENERGY SERVICES,Not Found
SOLUSI PRASARANA MANDIRI,Not Found
SOLUSI PRIMA CARAKA,Not Found
SOLUSINDO GUNADAYA INDONESIA,Not Found
SOMAR INDO FACTORY,
SRI INDAH LABETAMA,13991
STARMEDIA INTISARANA SEJATI,Not Found
SUGIHARTONO AGRA MAKMUR,Not Found
SUKA GADING JAYA SEMESTA,Not Found
SUKSES ABADI ENGINEERING,25920
SUKSES JAYAMAS MANDIRI,Not Found
SUMBER ALFARIA TRIJAYA TBK,Not Found
SUMBER CEMERLANG MANDIRI,Not Found
SUMBER GUNA NUSANTARA,Not Found
SUMBER JAYA TRADING INDONESIA,Not Found
SUMBER KEMAS INDONESIA,Not Found
SUMBER MANNA BAHARI,Not Found
SUMBER REJEKI GADING,Not Found
SUMBER SARANA SUKSES BERSAMA,
SUN AUTO ACCESORIES,13921
SUN STAR PRIMA MOTOR,45201
SUNLON KAPASINDO,17091
SUNROSE INDONESIA,13929
SUNSHINE GLOBAL,13133
SUPERBTEX,13112
SUPRA PRIMATAMA NUSANTARA,Not Found
SUPRANUSA NIAGAJAYA,
SURIS WAHANACIA,Not Found
SURYA AGUNG PUTRA JAYA,Not Found
SURYA ANDALAN SEJAHTERA,14111
SURYA CUCI MOBIL,Not Found
SURYA MAKMUR JAYA,Not Found
SURYA MENTARI GLOBAL,Not Found
SURYACIA SWADAYA,Not Found
SWARA SANGKAR EMAS,Not Found
SWASTI MAKMUR SEJAHTERA,22220
SWISSTEX NARATAMA INDONESIA,Not Found
SYAPRIL JANIZAR,Not Found
SYMMETRY CONTRACTING INDONESIA,Not Found
TAKINDO MUTUAL,Not Found
TANI MURNI INDONESIA,Not Found
TANJAYA SUKSES ABADI,Not Found
TATA GRAHA UTAMA,Not Found
TATA TRANS INDOTAMA,Not Found
TAWADA HEALTHCARE,Not Found
TEGAR PRIMAJAYA,Not Found
TEGAR PRIMANUSANTARA,13921
TEHNOTRI LINTAS PERKASA,14111
TELAGA SILET ABADI,Not Found
TELUBUNG JAYA ABADI,Not Found
TETAP SETIA JAYA,Not Found
THURSINA MEDIANA UTAMA,18111
TIARA UTAMA IZZATI,Not Found
TIGA RODA RENTALINDO,Not Found
TIGA SEKAWAN SERASI,Not Found
TINELO BERKAH ABADI,Not Found
TINKAR MAS SUKSES,Not Found
TIRAI PELANGI NUSANTARA,13921
TIRTA MAS PERKASA,11051
TIRTA SIGMA ENGINEERING,Not Found
TIRTA SUMBER MAKMUR,Not Found
TITIAN ANUGERAHAGUNG,Not Found
TOMO FOOD INDUSTRI,10710
TONAJAYA PRIMA METALINDO,Not Found
TOP TRILAND LABEL,18111
TRADISI UNTUK SEMESTA,Not Found
TRANS GEO INDONESIA,Not Found
TRENGGINAS UNGGUL ABADI,Not Found
TRI EKA PETRA LESTARI,Not Found
TRI KARYATAMA JAYA,Not Found
TRI TANGGUH SELARAS,Not Found
TRIADI LINTAS PERSADA,Not Found
TRIBUANA MANUNGGAL SEJAHTERA,Not Found
TRIDAYA SARANA PRIMA,32502
TRIDHARMA POLAKARSA,20231
TRIGUNA ENERGI CEMERLANG,Not Found
TRIKASA ENERGI TAMA,Not Found
TRIMANDIRI PLASINDO,22299
TRINITAS PRIMA SEJAHTERA,Not Found
TRIPUTRA MENARA JAYA,Not Found
TRIPUTRA TEXTILE INDUSTRY,13121
TRISSAN,Not Found
TRITUNGGAL MAHESA JAYA,Not Found
TRIVESTA LANCAR ABADI,Not Found
TRUFFLE ANDALAN BAHASA,Not Found
TRUST OFFSHORE INTERNATIONAL,Not Found
TUJUH CAHAYA SINERGI,Not Found
TUMBAKMAS INTI MULIA,24102
TUNAS DWIPA MATRA,45407
TUNAS RIZKI SEMESTA,Not Found
TURANGGA EMPAT TIGA,Not Found
TWIN DIGITAL PRINTING,Not Found
TWINS DATA PRATAMA,Not Found
UNGGUL JAYA PERKASA,Not Found
UNION TEKNIKA,28160
UNIVERSAL,45201
UNIVERSAL INDO PERSADA,22210
USAHA KITA SUKSES MANDIRI,Not Found
VARION SUKSES MAKMUR,Not Found
VARSINDO KIMIA ABADI,Not Found
VENTRA MANDIRI LOGISTIK,Not Found
VENTURIUM SYSTEM INDONESIA,Not Found
WADAH MAKMURKENCANA,Not Found
WAHANA ARTHA RITELINDO,Not Found
WAHANA KASIH MULIA,22220
WAHANA LESTARI INVESTAMA,10293
WANAYASATAMA TRACKINDO,Not Found
WANITA SATRIA BERSINERGI,Not Found
WEBUS PACKING INDONESIA,Not Found
WICAKSANA BERLIAN MOTOR,45201
WIJAYA ABADI MULIA,Not Found
WIJAYA LESTARI DAGO,45201
WIJAYA SAMPADA MANDIRI,Not Found
WIRA GEMILANG,25952
WIRA JALA PERKASA,Not Found
WIRAJAYA ERKON MANDIRI,Not Found
WIRAKY NUSA TELEKOMUNIKASI,27202
WISAN JAYA UTAMA,Not Found
WISATA SAA PESONA,Not Found
YAKULT INDONESIA PERSADA,10590
YAMAMO KASEA RAYA,Not Found
YASMINE INFRASTRUKTUR INDONESIA,Not Found
YOGA KARYA PERDANA,Not Found
YORKINDO SERVISTAMA,Not Found
YUSHIRO INDONESIA,20118
YUSHUKA BERKAH ARTOMORO,Not Found
ZEFA VALINDO JAYA,Not Found
ZIEBAR INDONESIA,Not Found
AMANDA SUKSES MANDIRI,Not Found
AQUASCIENCE INDONESIA,Not Found
JASA RAHARJA CABANG UTAMA JAWA BARAT,Not Found
YAKULT INDONESIA PERSADA,10590
ABADI GARMINDO,14111
ABDI TEKNIK ELEVATOR,Not Found
ABIRA RIZKI AGUNG,Not Found
ABQARI MEDIKA,Not Found
ADHIKARYA PERKASA,29200
ADI DAYA SEJAHTERA,Not Found
ADI SARANA ARMADA TBK,Not Found
ADIMITRA ANEKA UTAMA,Not Found
ADIPRAYA HIJAU LESTARI,Not Found
ADITAMA JAYA,Not Found
ADITYA KENCANA SAHAJA,Not Found
ADONAI SUMBER HIKMAT,Not Found
ADYATAMA PUTRA PRATAMA,Not Found
AGRO KIMIA ASIA,Not Found
AGRU FARMA TEKNOLOGI,Not Found
AGUNG MANUFAKTUR DESAINDO,15121
AIRLOCK INDONESIA JAYA RAYA,Not Found
AKSES MAJU BERSAMA,Not Found
AKUR PRATAMA,Not Found
ALAM BERKAT SEJATI,Not Found
ALAS MULIA,Not Found
ALBA UNIVERSAL ABADI,Not Found
ALCARI,Not Found
ALDIKA PUTERA MITRA UTAMA,Not Found
ALFA POLIMER INDONESIA,20116
ALGORITMA PESONA INDONESIA,Not Found
ALHADI BERKAH SUKSES,Not Found
ALKIMIA NIAGA JAYA,Not Found
ALKINDO NARATAMA TBK,Not Found
ALUMINIUM EXTRUSION INDONESIA(ALEXINDO),Not Found
ALUNA KUSUMAH LESTARI,Not Found
AMANAH CIA SARANA,Not Found
AMAR MULIA BERSAMA,Not Found
AMERY CAHAYA ANUGERAH,Not Found
AMFUTURE SATRIASYACH PRATAMA,Not Found
AMSAR PRIMA MANDIRI,Not Found
ANDALAN BANGUN CIASARANA,Not Found
ANDALIRA CIA ABADI,Not Found
ANDIKA WIJAYA RAYA,Not Found
ANEKA HASIL KASIH,Not Found
ANEKA PIRANTI INTIKARSA,Not Found
ANEKA RIMBA AGRO,Not Found
ANEKA SARANA TEKNIK,Not Found
ANEWA CIA INDONESIA,Not Found
ANGKASA PURA HOTEL,Not Found
ANPRESS PRAMESTI PRIMA,Not Found
ANUGERAH GEMILANG BERSAMA,Not Found
ANUGERAH JAYA FORDIC,Not Found
ANUGERAH KALINDO UTAMA,Not Found
ANUGERAH KREASI SISTEM,Not Found
ANUGERAH MITRA LOGISTIK,Not Found
ANUGERAH TUNAS MULIA,Not Found
ANUGRAH BARLIAN UTAMA,Not Found
ANUGRAH CIA INTERINDO,Not Found
ANUGRAH HASTA MULIA,Not Found
ANUGRAH MITRA BENUA,Not Found
APM ARMADA AUTOPARTS,29300
AQUAMART INDONESIA RITEL,Not Found
ARABIAN MITRA ABADI,Not Found
ARCO TRITAMA MANDIRI,25920
ARCON RADIAN ABADI,Not Found
ARDI SUKSES MANDIRI,Not Found
ARIANTO DARMAWAN,Not Found
ARISTA LATINDO,22194
ARKATAMA RAFTARINDO GEMILANG,Not Found
ARNOC INDONESIA ENERGI,
AROMA INDONESIA INTERNASIONAL,Not Found
ARRAYYAN AL MUBARAK,Not Found
ARTAPRIMA SARANA SUKSES,Not Found
ARTDECO SEJAHTERA ABADI,Not Found
ARTHA ALAM LESTARI,Not Found
ARTHA BERSAMA ABADI,Not Found
ARTHA JAYA INTINUSA,33121
ARTHA MANDIRI ALKESINDO,Not Found
ARTO LANGGENG REJEKI,Not Found
ARWIGA BHAKTI PROPERTINDO,Not Found
ASA MENUJU BERKAH,Not Found
ASHYA JAYA INDUSTRI,Not Found
ASIA PUPUK GUNA LESTARI,Not Found
ASTRA INTERNATIONAL TBK,
ASURANSI KREDIT INDONESIA PERWAKILAN BANDUNG,Not Found
ASURANSI RAMAYANA,Not Found
AURA TRIDAYA SEMESTA,25119
AUTOBEST,45201
AVENEW AKADEMI INOVASI,Not Found
AWAL SEMANGAT KARYA MEDIKA,Not Found
AYOE INDOTAMA TEXTILE,13911
AYUNDA SEJAHTERA ABADI,Not Found
AZZAHRA TRANS UTAMA,Not Found
BAGUS DARAJAT KONSULTAN,Not Found
BAHAGIA SEJAHTERA MANDIRI,Not Found
BAHANA AKURASI TEKNOLOGI,
BAHANA SELARAS,30200
BAHTERA ENERGI INDONESIA,Not Found
BAHTERA PINTAS UTAMA,Not Found
BAHTERA POLARIS INDONESIA,Not Found
BAJA MULIA LESTARI,Not Found
BAJA MURNI KHARISMA PERSADA,Not Found
BAKTI WIRA KARSA MULIA,Not Found
BAKTI WIRA KARSA SAKTI,Not Found
BANGUN ARSHINDO SENTOSA,Not Found
BANGUN KARAWANG MEGAH,Not Found
BANGUN TALA PRATAMA,Not Found
BANJAR DISTRIBUSINDO RAYA,Not Found
BANK BTPN SYARIAH TBK,Not Found
BANK JABAR BANTEN SYARIAH,Not Found
BANK PEMBIAYAAN RAKYAT SYARI'AH AMANAH INSANI,Not Found
BANK PEMBIAYAAN RAKYAT SYARIAH ARTHA MADANI,Not Found
BANK PERKREDITAN RAKYAT (BPR) ARTHIA SERE,Not Found
BANK PERKREDITAN RAKYAT ARTHA JAYA MANDIRI,Not Found
BANK PERKREDITAN RAKYAT BANTORU PERINTIS,Not Found
BANK PERKREDITAN RAKYAT DANASARI PERSADA,Not Found
BANK PERKREDITAN RAKYAT DP TASPEN,Not Found
BANK PERKREDITAN RAKYAT DUTA ARTHA SEJAHTERA,Not Found
BANK PERKREDITAN RAKYAT KARAWANG JABAR PERSERODA,Not Found
BANK PERKREDITAN RAKYAT KARINAMAS PERMAI,Not Found
BANK PERKREDITAN RAKYAT KERTA RAHARJA,Not Found
BANK PERKREDITAN RAKYAT MENARAMAS MITRA,Not Found
BANK PERKREDITAN RAKYAT MITRA DAYA MANDIRI,Not Found
BANK PERKREDITAN RAKYAT NUSA,Not Found
BANK PERKREDITAN RAKYAT PANCA DANARAKYAT,Not Found
BANK PERKREDITAN RAKYAT SAYMA KARYA,Not Found
BANK PERKREDITAN RAKYAT TUTUR GANDA,Not Found
BANK RAKYAT INDONESIA (PERSERO) TBK,Not Found
BANK RAKYAT INDONESIA (PERSERO),Not Found
BANK RAYA INDONESIA,Not Found
BANK SYARIAH INDONESIA TBK,Not Found
BANSHU PLASTIK INDONESIA,Not Found
BARALIA BERKAT SEMPURNA,Not Found
BAROKAH MAKMUR SEJAHTERA,Not Found
BAROKAH NIAGA UTAMA,Not Found
BATHARA ABEY TRANSPORTASI,Not Found
BATU WANGI PUTRA SEJAHTERA,23942
BATUNUNGGAL PERKASA,Not Found
BCS PRIMA INDONESIA,Not Found
BEKASI DISTRIBUSINDORAYA,Not Found
BEKASI FAJAR INDUSTRIAL ESTATE Tbk,Not Found
BEKASI MOTOR,Not Found
BELINKEN GUNDALING,Not Found
BELNI PUSMILASARI,Not Found
BEM-VINDO JAYA,Not Found
BERKAH MANDIRI SERVIS,Not Found
BERKAH PRATAMA SINERGI,Not Found
BERKAH TEHNIK JAYA,
BERKAH TEKNIK JAYA,Not Found
BERKAT LESTARI PRATAMA,Not Found
BERKAT KARYA ANUGERAH SEMPURNA,Not Found
BERKAT SAMUDERA BERSAMA,Not Found
BERKAT SUMBER UTAMA,Not Found
BERLIAN HAIVA PROPERTY,Not Found
BERSAMA SAHABAT MAKMUR,Not Found
BEST MEGA INDUSTRI,17099
BIG DATA INDONESIA,Not Found
BILANG TEKNO PERSADA,Not Found
BIMA JAYA FARM,Not Found
BINA ARTHA SEMESTA,Not Found
BINA BUANA MEDIKA,Not Found
BINA CITRA KHARISMA LESTARI,Not Found
BINA INFORMATIKA SOLUSINDO,Not Found
BINA NIAGA MULTIUSAHA,24102
BINA PROFESI INDUSTRI INDONESIA,Not Found
BINTANG ALAM JAYA,45407
BINTANG FAJAR TRANSPORTINDO,Not Found
BINTANG FARMA PERKASA,Not Found
BINTANG JAYA SANTIKA,Not Found
BINTANG MOTOR JAYA,45407
BINTANG RAYA JUARSA INDONESIA,Not Found
BINTANG TELEKOMUNIKASI INDONESIA,Not Found
BINTANG UTAMA SENTOSA,22293
BIO FIT PUTRA,Not Found
BIOCARE SEJAHTERA,Not Found
BOEHME INDONESIA,
BOGOR ANUGRAH MULYA,Not Found
BORECAM SERVICES INTERNATIONAL,Not Found
BORIS AKURASI TOOLSINDO,Not Found
BOYKA WIJAYA INTERNUSA,Not Found
BPR ARTHA KARYA USAHA,Not Found
BPR BERFASI RAHARJA,Not Found
BPR DANA MULTI GUNA,Not Found
BPR HAYURA ARTALOLA,Not Found
BPR KARYA GUNA MANDIRI,Not Found
BPR KREDIT MANDIRI INDONESIA,Not Found
BPR KREO LESTARI,Not Found
BPR MITRA DAYA MANDIRI,Not Found
BPR NUSA,Not Found
BPR NUSAMBA PLERED,Not Found
BPR NUSAMBA SUKARAJA,Not Found
BPR POLA DANA,Not Found
BPR TUTUR GANDA,Not Found
BPR TUTUR GANDA CABLOHBENER,Not Found
BPRARTHA BERSAMA,Not Found
BPRDIAN FARAQO GEMILANG,Not Found
BPRMULIATAMA DANANJAYA,Not Found
BPW BUANA VIESTA JAYA CHRISTOUR,Not Found
BRAJA MUSTIKA,Not Found
BRANI MAJU BERKARYA,Not Found
BRENNTAG,20232
BRINTON SEJAHTERA BEARINDO,Not Found
BRIS POEY TRANS,Not Found
BRITE POLYMER,20116
BUANA INDAH PROPERTI,Not Found
BUANA RAYA LESTARI,17022
BUDI DARMAWAN INDONESIA,Not Found
BUDI KARYA SENTOSA SEJATI,Not Found
BUKIT PELANGI ASRI,Not Found
BUMI CENDANA GRAFIKA,Not Found
CAHAYA ANUGRAH FIRDAUS,Not Found
CAHAYA BERKAH MENDUNIA,Not Found
CAHAYA CIKARANGMAS RESOURCES,Not Found
CAHAYA KEHIDUPAN ABADI,Not Found
CAHAYA KIM BUANA,Not Found
CAHAYA MANDIRI RAJAWALI,Not Found
CAHAYA TRIARTHA MULIA,Not Found
CAHAYA UTAMA CAKRAWALA,Not Found
CAKRA ADHITAMA SOLUSINDO,Not Found
CAKRA BANGUN SUKSES,Not Found
CAKRA KENCANA MULTIMEDIA,Not Found
CAKRA LAKSANA SAKTI,Not Found
CAKRAINDO MITRA INTERNASIONAL,Not Found
CAMAR SAKTI,Not Found
CASBAR PANCARAN BERKAT,Not Found
CATINDO,20221
CATU INTER GLOBAL,24101
CATUR PUTRA JAYA,45407
CENGKARENG PERMAI,23959
CHEMTRADE INDONESIA,Not Found
CHIYO PERSADA PRATAMA,Not Found
CHRISKA KATILI,Not Found
CIANJUR ALAM UTAMA,Not Found
CIBITUNG MOTOR MANDIRI,45407
CIKAMPEK MULYA ABADI,Not Found
CIKARANG LISTRINDO,
CILANGGENG PERKASA,Not Found
CILEUNYI MULYA ABADI,Not Found
CIPLASINDO MAKMUR SEJAHTERA,22220
CIA GUNA DATA INFOTEK SOLUSINDO,Not Found
CIA KREASI TEKSTIL,Not Found
CIA MANDIRI WIRASAKTI,Not Found
CIA REVORMA BERSAMA,Not Found
CIA SARANA NUSANTARA,Not Found
CIA VISUAL MANDIRI,Not Found
CIPUTRA INDAH,Not Found
CIRA INTERNATIONAL,Not Found
CIREBON GRAHATAMA,Not Found
CIREBON SEWU CEMERLANG,Not Found
CITRA ABADI FOOD,Not Found
CITRA CELEBAS MULTIMEDIA,Not Found
CITRA GALVANIZING INDONESIA,25920
CITRA JELAJAH INFORMATIKA,Not Found
CITRA KARYA BETON,23957
CITRA KARYAPUTRA MANDIRI,Not Found
CITRA MEDIKA LESTARI JAYA,Not Found
CITRA OUTSINDO PERKASA,Not Found
CITRA TERUS MAKMUR,13112
CLC NIAGA INDONESIA,Not Found
COCO AGER INDONESIA,20115
CORDELIA BERDIKARI ELEKTRIK,Not Found
CORROCOAT INDONESIA,
COTTA TERRA PRIMA,Not Found
CRYOGENIC GLOBAL SOLUTIONS,Not Found
DADALI CITRA MANDIRI,Not Found
DAE RYUN TRADING,Not Found
DAKSAWIRA PERDANA,Not Found
DAM ANUGERAH PONDOK MANDIRI,Not Found
DARSINDO CIA PUTRA MANDIRI,Not Found
DAULAY HUMALA BERSAUDARA,Not Found
DAYA ADICIA MOTORA,Not Found
Daya Alvita Mandiri,Not Found
DAYA ANUGRAH MANDIRI,45407
DAYA MUDA AGUNG,Not Found
DELTA INDONESIA PRANENGGAR,Not Found
DELTA SURYA ENERGY,Not Found
DENATIKA PUTRI PERTIWI,21012
DENKI ENGINEERING,Not Found
DEPOK DISTRIBUSINDO RAYA,Not Found
DEWA CITRA,18111
DEXA ARFINDO PRATAMA,Not Found
DHARMA MAKMUR BERSAMA,Not Found
DHARMA WIRANUSA SOLUSINDO,Not Found
DHARMATAMA INTI LESTARI,Not Found
DI LIMA MULTI TEHNIK,Not Found
DIGITAL PRINTEX INDONESIA,13133
DIGITAL TEKNOLOGI GLOBAL,Not Found
DIMENSI DIGITAL DUTA INFORMATIKA,Not Found
DINAR TRUST,Not Found
DIPO STAR FINANCE,Not Found
DIPO STAR FINANCE,Not Found
DIVAINTAN PUTRIPRATAMA,Not Found
DJEPATI INDO RASA,10772
DONG SUNG TOOLS,Not Found
DONGAN ALAM SEJAHTERA,Not Found
DOSNI ROHA LOGISTIK,Not Found
DUA HARI CIA SEJAHTERA,Not Found
DUA PULUH TIGA,Not Found
DUA PUTRA CEMERLANG UTAMA,Not Found
DURO BANGUN INDONESIA,Not Found
DUTA ESA ADIPERKASA,
DUTA NIAGA MULTI SEJAHTERA,45407
DUTA PUTRA PERSADA MANDIRI,
DUTA SELARAS SEMESTA,Not Found
DUTA SELERA PERTIWI,Not Found
DWI EKA LESTARI,Not Found
DWI HANDAL OTOMASI INDONESIA,Not Found
ECONUSA KUALIVA ABADI,Not Found
EIKO TEKNIK INDONESIA,Not Found
EIYU DAMAI SEJAHTERA,45201
EKA CHATTRA INDONESIA,Not Found
EKAMANT INDONESIA,23990
EKSONINDO MULTI PRODUCT INDUSTRY,15121
ELEGANT INDONESIA,15129
ELEGANT TEXTILE INDUSTRY,13112
ELIAZER NAHOR PRATAMA,Not Found
ELIM TECH,28221
ELIZABETH HANJAYA,15129
EMART PRATAMA CADOFA,Not Found
EMBEE PLUMBON TEKSTIL,13112
EMRAZ INDO MEDIKA,Not Found
ERACIA MITRA GEMILANG,Not Found
ERAMULTI SWADAYATAMA,Not Found
ESKO DIGITAL KOMPUTINDO,Not Found
EVALINDA BERKAH MANDIRI,Not Found
EXCIBA INDO CHEMICALS,Not Found
EXYTOS MITRA ADITAMA,Not Found
FAHREZA DUTA PERKASA,Not Found
FAJAR PRAKARSA GUNA,Not Found
FAJAR PUNCAK PRATAMA,Not Found
FAMON GLOBAL AWAL BROS,Not Found
FAMYLAB,Not Found
FASTKO KARSA PARAMARTA,Not Found
FASTLINK AMANAH SAFARI NUSANTARA,Not Found
FAVORI CORP SEDAYA,Not Found
FITECH YUTAKANA INDONESIA,Not Found
FOCUSTINDO CEMERLANG,20231
FOSTER ISOLASI BUANA,Not Found
FUJI PROSPEK INDONESIA,Not Found
FUKOKU TOKAI RUBBER INDONESIA,29300
GADAI CAHAYA DANA ABADI,Not Found
GADING BHAKTI UTAMA,Not Found
GADING MURNI,
GALERI TEKNOLOGI BERSAMA,Not Found
GALUH CITARUM,Not Found
GALUH SELARAS MAJU,Not Found
GANDA PUTERA INSAS,Not Found
GAPURA FAJAR LANGGENG,22230
GARDA CIA SENTOSA,Not Found
GARDA POWER MANDIRI,Not Found
GARDA RAJA PERTAMA,Not Found
GARUT PRAKARSA MANDIRI,Not Found
GATRA KENCANA INDONESIA,Not Found
GAWIH JAYA,Not Found
GELORA FAJAR PERKASA,Not Found
GEMA PARAHYANGAN PLASTIK,22230
GEMA TABAYA AMANAT,Not Found
GEMILANG MAJU SENTOSA,Not Found
GEMILANG OIMA DIOS,Not Found
GEMPOL ASRI SARI,Not Found
GENERAL TOOLS INDONESIA,Not Found
GENTA JAYA ABADI,Not Found
GEOSADI MAPROTEC,Not Found
GHANI ARTO LILY,Not Found
GIRI SAKTI UTAMA,Not Found
GIS SAINS ENGINEERING,Not Found
GLOBAL ASIA CHEMICALS,20118
GLOBAL BOGA SUKSES,Not Found
GLOBAL INDO MULTIMEDIA,Not Found
GLOBAL MEDIA BERKAH,Not Found
GLOBAL NUSA TRANS,Not Found
GLOSTAR INDONESIA,15202
GORA PURASANI SENTOSA,Not Found
GRAHA CITRA PRIMA,Not Found
GRAHA PERMATA ABADI,Not Found
GRAHA PRAWIRA DANISWARA,Not Found
GRAHA RAHMAT CEMERLANG,Not Found
GRANADA AUDIO INDONESIA,Not Found
GREAT PRIMA LESTARI,Not Found
GREGAH SUKSES MANDIRI ENGINEERING,Not Found
GRIYA BERKAH MANDIRI,Not Found
GUNA HASIL MANDIRI,Not Found
GUNAJAYA SANTOSA,13132
GUNUNG GEULIS ASRI,Not Found
GUNUNG MAS PROSPER,Not Found
GUNUNG TANGKUBAN PERAHU PERMAI,Not Found
HADE SUKSES SELARAS,Not Found
HAMPARAN MULYA,Not Found
HAMSINA JAYA,82920
HANDIRA EKA MANDIRI,Not Found
HANJUANG BERKAH SEJAHTERA,Not Found
HARAPAN INDAH BERSAMA ABADI,Not Found
HARIBARU GEMILANG,Not Found
HARIKA PRIMA SAKTI,Not Found
HARMONI DINAMIKA,Not Found
HASIL BUMI INDONESIA,Not Found
HASIL KARYA SEJAHTERA,Not Found
HASIL SEMPURNA,
HASSAN SINAR LESTARI,Not Found
HENKOS JAYA TEHNIK,Not Found
HENNY MAKMUR JAYA,Not Found
HENO SEJAHTERA BERSAMA,Not Found
HERBA PENAWAR AL WAHIDA INDONESIA,Not Found
HIJI LINTANG PURNAMA,37022
HIKMAH MUDYA,Not Found
HITACHI ASTEMO BEKASI POWERTRAIN SYSTEMS,29300
HOKKAN DELTAPACK INDUSTRI,22220
HON CHUAN INDONESIA,22220
HOWKI GONDANG PERKASA,Not Found
HURIP BINTANG PRATAMA,Not Found
HYUNDAI MOBIL INDONESIA,45201
IBRAHIM BERKAH SEJAHTERINDO,Not Found
IJO ROYO ROYO ASRI,Not Found
IK PRECISION INDONESIA,22293
INDO HUSADA UTAMA,Not Found
INDO KAYA ENERGI,Not Found
INDO LYSAGHT,20111
INDO MARTA PRIMA,Not Found
INDO MITRA PRATAMA,31001
INDO OTHAIM INTERNASIONAL,Not Found
INDOAUSTRA UTAMA,Not Found
INDOBIKE DUA ENAM,Not Found
INDOLAND TRADING INTERNATIONAL,Not Found
INDOMETAL BEKASI SARANA MAKMUR,Not Found
INDOMETAL MITRABUANA,25920
INDONESIA RAYA MAKMUR,25940
INDORAMA POLYCHEM INDONESIA,20301
INDORAMA SYNTHETICS TBK,Not Found
INDO-RAMA SYNTHETICS TBK,13112
INDORAYA NUSANTARA DJAYA,Not Found
INDOTAISEI INDAH DEVELOPMENT,Not Found
INDOTAMA FERRO ALLOYS,24202
INDOWIN ENGINEERING INDONESIA,Not Found
INDOWOOYANG,10399
INSANI MAJU BERDIKARI,Not Found
INTERFOOD SUKSES JASINDO,Not Found
INTERNATIONAL MACHINERY,
INTI DAYA MANDIRI PRATAMA,Not Found
INTI POLYMETAL,29300
INTI PRATAMA GLOBALINDO,Not Found
INTIKENCANA WIRAPUTERA,Not Found
IEK SINERGI HAYATI,Not Found
IRKA JAYA ERKON,Not Found
ISTANA KARYA PROPERTINDO,Not Found
IWAMA PRIMA TEXTILE MILLS,13921
JABAPUTRA BINAWAN UNGGUL,Not Found
JAFA PALMA INDONESIA,32909
JAGO SUKSES MAKMUR,Not Found
JAPFA COMFEED INDONESIA Tbk,10801
JASA ANDA,Not Found
JASA PRIMA ADIGUNA,Not Found
JASA PRIMA LOGISTIK BULOG,Not Found
JASAMEDIKA SARANATAMA,Not Found
JASKO PRIMA SEJAHTERA,Not Found
JAVA MONT MINERAL,Not Found
JAWHARA SYARI INDONESIA,Not Found
JAYA ABADI REGENCY,Not Found
JAYA BINANGUN BHASKARA PRIMA,Not Found
JAYA KESUMA LESTARI,Not Found
JAYA MAKMUR PAJAJARAN,Not Found
JAYA MANDIRI BERKAH,Not Found
JEJAK HASANAH,Not Found
JENSSEN NATAMA ABADI,Not Found
JEPARINDO AGUNG PERKASA,Not Found
JUAHN INDONESIA,22293
JULIARTHA JAYA PRATAMA,Not Found
KABEPE CHAKRA,10763
KADEKA,Not Found
KAHADE MITRA SEJATI,Not Found
KAIROS TRANSINDO PERKASA,Not Found
KALOKA BINANGUN,17021
KALYANAMITTA BANINDO,Not Found
KAMPUH WELDING CIKARANG,Not Found
KANAKA SUKSES LESTARI,Not Found
KARAWANG DISTRIBUSINDO RAYA,Not Found
KARINDO MITRA INTERNASIONAL,26490
KARIYANA GITA UTAMA,Not Found
KARTIKA JAYA KONTRUKSINDO,Not Found
KARYA BUSANA INDONESIA,Not Found
KARYA JOUJA GEMILANG,Not Found
KARYA KELOLASEMESTA,
KARYA MANDIRI CIKARANG,Not Found
KARYA MULIA PUSAKA,Not Found
KARYA PANCA PERSADA,Not Found
KARYA PUTRA SANGKURIANG,22192
KARYA SEJAHTERA LESTARI,Not Found
KARYA SUKSES STEEL,Not Found
KARYA UTAMAINDO MANDIRI,Not Found
KAWASAN BERIKAT NUSANTARA,Not Found
KAZTA RAYA CEMERLANG,Not Found
KECE TRANSPORT BANDUNG,Not Found
KEMBANG CHRISTAPHARMA,Not Found
KENCANA JAYA PROPERTI,Not Found
KENDI INDAH LESTARI,Not Found
KERETA API INDONESIA (PERSERO),Not Found
KERETA API LOGISTIK,Not Found
KHARITA SEJAHTERA BERSAMA,Not Found
KIAN SANTANG MULIATAMA,28130
KILAP PROPERTINDO,Not Found
KIM TECHNOLOGY SOLUTIONS,Not Found
KIMIA FARMA APOTEK,Not Found
KINERJA MUTIARA PERSADA,20291
KINOBI INDAH FARMA,Not Found
KIRANA SAKTI KOMPUTINDO,Not Found
KITA MAJU SEJAHTERA,Not Found
KOBAMAS PUROHITA,Not Found
KOPRIMA SANDYSEJAHTERA,Not Found
KREASI PERDANA KONSTRUKSI INDONESIA,Not Found
KREATIF MANDIRI SAKTI,Not Found
KROMATINDOMAS KIMIATAMA,Not Found
KUDA KENCANA,12011
KUJANG SAKTI ANUGRAH,Not Found
KUMAR CONTAINERS PVT LTD,25940
KUSUMASEJATI INTIPRIMA,Not Found
KYG TOOLING INDONESIA,Not Found
LAJU BERSAMA INDAH,Not Found
LASALLEFOOD INDONESIA,10723
LAUTAN ARTHA BAHARI,Not Found
LAUTAN WARNA SARI,20116
LAVANAYA MADINAH TRAVEL,Not Found
LE&EN INDOCHACON UTAMA,13993
LEE FONG INDONESIA,15201
LEMBU JANTAN PERKASA,
LESTARI BINTANG MANDIRI,Not Found
LESTARI DINI TUNGGUL,14111
LEUWILIANG SEGAR PRAKARSA,Not Found
LIMAS JAYA MAKMUR,
LIMAS RAGA INTI,Not Found
LINTAS BENEFINDO JAYA,Not Found
LINTAS CAKRA CIA,Not Found
LINTAS NUSANTARA PERDANA,Not Found
LINTAS TOMINI MANDIRI,
LOKATARA ABHINAYA,Not Found
LORAMO ANUGRAH JAYA,Not Found
LUKITA JAYA PERKASA,Not Found
LUMBUNG SEJAJAR SEJATI,Not Found
LUNAR INDAH MAKMUR,Not Found
MJUSUF & SONS,Not Found
MACHESA MULTI LIFTINDO,28160
MAHA RAYA PERKASA,Not Found
MAHA TIRTA UTAMA,Not Found
MAHANANI MUKTI MULYA,Not Found
MAHKOTA PERMATA PERDANA,Not Found
MAJU JAYA INTERNATIONAL,
MAJU JAYA MAKMUR SEJAHTERA,Not Found
MAJU PUTRA TEKNINDO,Not Found
MAKANAN ASLI INDONESIA,Not Found
MAKMUR EXPEDISI RIANIATE,Not Found
MAKMUR LESTARI EVOLUSI,Not Found
MAKMUR MITRA ABADI,Not Found
MAKMUR PRIMA SENTOSA,Not Found
MAKTAL DISTRIBUSI PRATAMA,Not Found
MANAJEMEN BAHAN BAKAR ANDALAN,Not Found
MANDIRI CIA SEJAHTERA,Not Found
MANDIRI SEJAHTERA TEHNIK,Not Found
MANGUL JAYA,15201
MANOLO PUTRA,Not Found
MANUNGGAL PERKASA,33119
MANVIS TEKNOLOGI ENJINERING,Not Found
MARGA NUSANTARA JAYA,Not Found
MARGASETA UTAMA,Not Found
MARKAINDO SELARAS,Not Found
MARKS BANDUNG JAYA,Not Found
MASPLAST POLY FILM,22291
MASTER ENGINEERING SERVICE,Not Found
MAWAR MOTOR FAYURI,Not Found
MAWAR MOTOR PERKASA,Not Found
MAX CHEM INDONESIA,Not Found
MAX KREASI INDONESIA,Not Found
MAXBIZ ENVIRON,Not Found
MAYA GRAHA INDAH,Not Found
MECCAYA,21012
MEDIKA JASA UTAMA,Not Found
MEDIKA VISINDO PERKASA,Not Found
MEDION ARDHIKA BHAKTI,Not Found
MEGAHPUTRA SEJAHTERA,10740
MEGAKARYA NUSANTARA PERKASA,Not Found
MEGALOPOLIS MANUNGGAL INDUSTRIAL DEVELOPMENT,Not Found
MENGGAPAI CAKRAWALA SEMESTA,Not Found
MEPROFARM,21012
MERAPI UTAMA PHARMA,Not Found
MERPATI ALAM SEMESTA,Not Found
METALINDO GUNA TEKNIK INDUSTRI,Not Found
METRIX ELCIA,Not Found
MIDI UTAMA INDONESIA TBK,Not Found
MIGAS HULU JABAR,Not Found
MIGOTO INDONESIA,25920
MILPO INDONESIA,Not Found
MILPO METALINDO PERKASA,25910
MINERAL UTAMA SERVIS,Not Found
MITRA BANGUN KONTRAKTOR,Not Found
MITRA BISNIS KELUARGA VENTURA,Not Found
MITRA BISNIS MADANI,Not Found
MITRA BUMDES NUSANTARA,Not Found
MITRA BUMI SURYA,Not Found
MITRA ESA ABADI,Not Found
MITRA HAPPI SEJAHTERA,Not Found
MITRA HUSADA MANDIRI,Not Found
MITRA JASA POWER,Not Found
MITRA KALYANA SEJAHTERA,Not Found
MITRA KARAWANG JAYA,Not Found
MITRA KENCANA MANDIRI ENTERTAINMENT,Not Found
MITRA KIMIA MAS,Not Found
MITRA KREATIF INDONESIA,Not Found
MITRA LIMA R,Not Found
MITRA MINA SAN,Not Found
MITRA NIAGA SENTRATAMA,Not Found
MITRA PINASTHIKA MUSTIKA,
MITRA PRIMA ADITAMA,Not Found
MITRA SARANA CIKAMPEK,
MITRA SINERGI PLASINDO,22230
MITRA SOLUSI KIMIATAMA,Not Found
MITRADEKA MANDIRI,Not Found
MITRALAB BUANA,Not Found
MITRATAMA PROSPEK SOLUSINDO,25920
MITSUI LEASING CAPITAL INDONESIA,Not Found
MIZUKI INTERNATIONAL,Not Found
MOSSA KARYA UTAMA,Not Found
MUARA JUARA KREASI INDONESIA,10761
MUARA LOGAM INDONESIA,Not Found
MUDA JAYA ABADI,Not Found
MUFID INTI GLOBAL,Not Found
MUHTOMAS,Not Found
MULIA JAYA BERSINAR,Not Found
MULTI AKSARA SEJATI,Not Found
MULTI GARMENJAYA,14111
MULTI GRASINDO CEMERLANG,20231
MULTI HANNA KREASINDO,24320
MULTI INTI PARAHIYANGAN,Not Found
MULTI MITRA LOGISTIK,Not Found
MULTI SANDANG TAMAJAYA,13121
MULTI SOLUSI SUKSESTAMA,Not Found
MULTINDO TECHNOLOGY UTAMA,25920
MULTINDO VELVET INDUSTRIES,13121
MURATA MACHINERY INDONESIA,
MURNI MOTOR,45407
MURNI SADAR,Not Found
MURNI SUBAJA MAS,Not Found
MUSTIKA CITRA RASA,10710
MUSTIKA KUSUMA JAYA,Not Found
MUSTIKA PARAHYANGAN,Not Found
MUTIARA MAJU MANDIRI,Not Found
MUTIARA PERKASA BAHAGIA,Not Found
NADYA ANGEL SAM,Not Found
NALSAL INDO PERKASA,Not Found
NANDANG AKSARA PRIMA,
NEO CIA REVOLUSI,Not Found
NETWORK LINTAS FIBERINDO,Not Found
NETZER MEDIKA PUTRA,Not Found
NEW MODULE INTERNATIONAL,Not Found
NIKITA MITRA JAYA,Not Found
NIRAMAS UTAMA,10298
NISSIN MANUFACTURING INDONESIA,30912
NITRO PRATAMA INDONESIA,Not Found
NUSANTARA SATRIA AGUNG,Not Found
NUSANTARA SURYA SAKTI,45407
NUSANTARA TECHNIC INDONESIA,Not Found
NUSATAMA BERKAH TBK,Not Found
NUTRINDO PERTAMA,Not Found
OAE MANUFAKTUR INDONESIA,
OCEANICA MEGAH UTAMA,10213
OHM ELECTRONICS INDONESIA,26410
OMEGA ELEKTRIK INDONESIA,Not Found
ONESMILE ALIGNERS INDONESIA,Not Found
OS PUTRA,11051
PACIFIC AREA JAYA,Not Found
PACIFIC MOTOR,Not Found
PADANG GOLF BUKIT SENTUL,Not Found
PADI ARTHA SEJAHTERA,Not Found
PADJADJARAN INDAH PRIMA,Not Found
PADMA SARI PANGAN,Not Found
PALABUHAN RATU DISTRIBUSINDO RAYA,Not Found
PAMOR BUANA UTAMA,Not Found
PANAYA RENTAL CRANE,Not Found
PANDAWA MAKMUR SEJAHTERA,Not Found
PANDITA KAPITAL UTAMA,Not Found
PANDU EQUATOR PRIMA,Not Found
PANFILA INDOSARI,11051
PANGAN SARANA NIAGA,Not Found
PANGESTU DAYA UTAMA,Not Found
PARAMITA BANINDO,Not Found
PARSAORAN GLOBAL DATATRANS,Not Found
PATRA MAKMUR SEJAHTERA,Not Found
PATRA NIAGA RAYA,Not Found
PAYON AURA SEJAHTERA,Not Found
PELANGI NIAGA NUSANTARA,Not Found
PELITA ABADI SEJAHTERA,Not Found
PELITA SAMUDERA INDONESIA,Not Found
PERKASA ABADI MAKMUR,Not Found
PERMATA SINAR UTAMA,Not Found
PERTAMINA BINA MEDIKA IHC,Not Found
PERTAMINA TRAINING & CONSULTING,Not Found
PERTAMINA TRAINING AND CONSULTING,Not Found
PESONA NATASYA GEMILANG,Not Found
PESONA TAMANINDO,Not Found
PIJAR UTAMA GASINDO,Not Found
PILAR ABDI WIJAYA,Not Found
PILAR BAKTI SEJAHTERA,Not Found
PINDAD (PERSERO),Not Found
PINTU SUKSES LESTARI,Not Found
PINTU TIGA RAHARJA,Not Found
PLANET EXCELENCIA PHARMACY,Not Found
POLIWEK INDO UTAMA,Not Found
PPLONDON SUMATERA INDONESIA TBK,Not Found
PRANATA JAYA ABADI,13132
PRATAMA SELARAS MANDIRI,Not Found
PRATAMA SURYA JAYA,Not Found
PRATIWI PUTRI SULUNG,71205
PRESENTOLOGICS,Not Found
PRESTASI CAHAYA METALINDO,Not Found
PRIMA ADJUSTERINDO MANDIRI,Not Found
PRIMA KOMPETENSI,Not Found
PRIMA MEDIKA SELARAS,Not Found
PRIMA NUSANTARA TELEKOMUNIKASI,Not Found
PRIMA SARANA PENJAMINAN,Not Found
PRIMA SENTRAL REJEKI,Not Found
PRIMA ZEN,31004
PRIMAPER TRADEA UTAMA,Not Found
PRIORITAS JAYA ABADI,Not Found
PRISEL GIUGA SINERGI,Not Found
PRO MECHANIC INDONESIA,28221
PRODIA WIDYAHUSADA,
PROLABIOS MITRA ANALITIKA,Not Found
PROSPER MEGA INDUSTRI,Not Found
PURI AVIA,Not Found
PURI LAJU ABBA,Not Found
PURI WIDYA UTAMA,Not Found
PUSTEK ENERGI DAN TEKNOLOGI,Not Found
PUTRA DUA PERKASA,Not Found
PUTRA MERAPI SUKSES,Not Found
PUTRA MUTIARA JAYA,Not Found
PVRA MODA KREASI,Not Found
QUADRA INTI SOLUSI,Not Found
QUANTUM INDOKEMIKA SOLUSI,Not Found
QUANTUMPLAST INDUSTRY,22220
RABU BUDIMAN ABADI,Not Found
RACHMAT PERDANA ADHIMETAL,30912
RADIANT UTAMA INTERINSCO TBK,
RADYA MARGA SENTOSA,Not Found
RAFIQA RASYA RIZKY,Not Found
RAGAM TANGGUH FORTINDO,22210
RAJA MAKMUR PERKASA,Not Found
RAMA MANUNGGAL PERKASA,Not Found
RAMA TEXTIMA INDONESIA,Not Found
RAMATEX,
RANGKUTI EKA PAKSI,Not Found
RAPIK KARYA MANDIRI,Not Found
RATANSHA PURNAMA ABADI,
REAL MITRAS BUANA,Not Found
REGAMAS NUSANTARA INDONESIA,Not Found
REI INDUSTRI PROPERTI,Not Found
REJEKI ASTHA SENTOSA,Not Found
REJEKI GRAHA WIJAYA,Not Found
REMALA ABADI,Not Found
RESTAR SENTRA DIGDAYA,Not Found
REVASS UTAMA MEDIKA,Not Found
RICKY PERSADA FARMA,Not Found
RICO BERLIAN LOGISTINDO,Not Found
RIKEN ENGINEERING PERKASA,Not Found
RIMA SURYA PRATAMA,Not Found
RISMA SENTOSA,45201
RIUNG AGRO LESTARI,Not Found
RIYANA CIA PANGAN INDONESIA,Not Found
RIZKY ABADI JAYA ANUGRAH,Not Found
RIZKY INDRA TRANSINDO,Not Found
RODA KAWAN SEJAHTERA,Not Found
ROHA LAUTAN PEWARNA,20116
ROUDO KITA,Not Found
SAFE SINAR GLOBAL,Not Found
SAHABAT SENTRA ALKESINDO,Not Found
SAINDO MAJU INTERNASIONAL,Not Found
SAJIRA MAHARDIKA,Not Found
SAK LAWASE SELALU SUKSES,Not Found
SAKA ARTHA KENCANA,Not Found
SAM APPAREL MANUFACTURING INDONESIA,Not Found
SAMUDERA PASAI LOGISTIK,Not Found
SANDANG MAJALAYA TEXTILE / SAMATEX,Not Found
SANDANG MAJALAYA TEXTILE (SAMATEX),Not Found
SANTOSA KURNIA JAYA,14111
SARANA ABADI JAYA RAYA,Not Found
SARANA KARUNIA SEJATI,Not Found
SARANA KATIGA NUSANTARA,Not Found
SARANA MEDIKA MEDIATECH,Not Found
SARANA MEDIKAL PRISMA,Not Found
SARANA SADAYA,Not Found
SARANA SUKSES INDONESIA,Not Found
SARANA SUKSES INDOPRIMA,Not Found
SATRIA GRIYA ABADI,Not Found
SATYA SARANA KARGO,Not Found
SAVA JAYA ANUGERAH,Not Found
SEIKOU SEAT COVER,14111
SEJAHTERA BONEKA INDAH,32402
SEKURINDO DUTA UTAMA PERKASA,Not Found
SELALU BERMANFAAT SELAMANYA,10392
SELAMAT LESTARI MANDIRI,Not Found
SELARAS HARAPAN SEMESTA,Not Found
SELATAN MAKMUR INDONESIA,18111
SEMANGAT PUTRATAMA,Not Found
SEMAR GEMILANG,Not Found
SEMESTA MANDIRI SEJAHTERA,Not Found
SEMPURNAINDAH MULTINUSANTARA,
SEMPURNAJAYA MAKMURMULIA,Not Found
SENIUN HADAFA,Not Found
SENTRA AGUNG SEALINDO,Not Found
SENTRAL MANDIRI SENTOSA,Not Found
SENTRYPARK UTAMA INDONESIA,Not Found
SERASI AUTORAYA,
SERPONG ALAM LESTARI,Not Found
SETARA BIO SCIENCE,Not Found
SETIA ANUGERAH MOTOR,Not Found
SETIA BUDI HOJAYA,Not Found
SETIA KIJI REED,28263
SETIA LUMBAN JAYA,Not Found
SGH MAKMUR SANTOSA,Not Found
SHIMADA KARYA INDONESIA,22192
SIDO AGUNG MANDIRI,27310
SIERRA JAYA ABADI,Not Found
SINAR ARTHA MAHAMAKMUR,Not Found
SINAR BARU KONTRUKSI,
SINAR INSPIRASI NEGERI,Not Found
SINAR JAYA RIMBAWAN ASRI,Not Found
SINAR KARYA UTAMA,Not Found
SINAR MITRA ANDALAN,Not Found
SINAR MULIA PLASINDO LESTARI,
SINAR NIAGA SEJAHTERA,Not Found
SINAR PANGJAYA MULIA,
SINAR PARA TARUNA,13911
SINAR PUTRA METALINDO,Not Found
SINAR REJEKI LEMBANG,Not Found
SINAR SEJATI ABADI,Not Found
SINAR TRIYASA TEKNIK,Not Found
SINARDANIT NUSANTARA,Not Found
SINERGI ENGINEERING INDONESIA,Not Found
SINERGI MITRA UTAMA,
SINGAMAS PRATAMA SEJAHTERA,Not Found
SIR AKURASI INDONESIA,Not Found
SISTAR INDONESIA,Not Found
SJI NUSANTARA,Not Found
SKI SUKSES SEJAHTERA,Not Found
SKY ENERGY INDONESIA TBK,Not Found
SMART MULTI FINANCE,Not Found
SOFIA SAFIYA MEDIK,Not Found
SOLO MURNI,18111
SOLUSI PRIMA CARAKA,Not Found
SOLUSI SARANA PROPERTI,Not Found
SOREANG PRAKARSA LESTARI,Not Found
SOWIN GRAMERINDO INTERNASIONAL,Not Found
SRI INTAN TOKI INDUSTRI,23932
SRIBANGUN BUMINITIYA,
STIF INDONESIA,
SUBANG MULYA SEJAHTERA,Not Found
SUGISENA INTI PERSADA,Not Found
SUKABUMI ALAM MANDIRI,Not Found
SUKADAMAI BERKAH ABADI,Not Found
SUKU CADANG JAYA,Not Found
SULFINDO ADIUSAHA,20117
SUMBER ADILUHUNG KAHURIPAN,Not Found
SUMBER ALFARIA TRIJAYA,Not Found
SUMBER ALFARIA TRIJAYA TBK,Not Found
SUMBER ALFARIA TRIJAYA TBK,Not Found
SUMBER ALFARIA TRIJAYA,Not Found
SUMBER ALFARIA TRIJAYATbk,Not Found
SUMBER DAYA MITRAINTI,Not Found
SUMBER MITRAUTAMA PERSADA,22220
SUMBER REJEKIJABAR,Not Found
SUMBER RUKUN PERKASA,Not Found
SUMBER SARANA ERA ABADI,24101
SUMBER SARI BUMI PAKUAN,Not Found
SUMBER SARI PAKUAN,Not Found
SUMBER SINAR PERKASA,Not Found
SUMBER TRIJAYA LESTARI,Not Found
SUN AUTO ACCESORIES,13921
SUN MOTOR JAKARTA,45201
SURYA ANUGERAH SENTOSA,Not Found
SURYA ARTHA CHANYA,Not Found
SURYA GEMILANG TRIDAYA,Not Found
SURYA INTAN SENTANA JAYA,Not Found
SURYANUSA NADICIA,Not Found
SWARNA BAKTI SOLUSINDO,Not Found
SYAWAJA INDONESIA,Not Found
SYGMA DAYA INSANI,Not Found
SYNERGY SCIENTIFIC,Not Found
TRAD INDONESIA,Not Found
TAIFU GOLD INDONESIA,Not Found
TAKINDO MUTUAL,Not Found
TAMBUN DISTRIBUSINDO RAYA,Not Found
TAN PUTRA TAMA,10732
TANGGUH FLUIDA POWERINDO,Not Found
TANI MURNI INDONESIA,Not Found
TATA BANGUN SARANA,Not Found
TATA BUMI PERSADA,Not Found
TATALOGAM LESTARI,25112
TAWAKAL SUMBER CAHAYA,Not Found
TECH LOGISTIK INDONESIA,Not Found
TECNO MESIN INDONESIA,Not Found
TEHNIK PRATAMA ENGINEERING,Not Found
TEKADE MITRA INDONESIA,Not Found
TEKNIK BINA MANDIRI,Not Found
TEMAN SEJATI SEJAHTERA ABADI,Not Found
TENGO INDONESIA,31002
TERA EMCAL SOLUSINDO,Not Found
TERUS JAYA SENTOSA MOTOR,Not Found
TEXALOKA TEMA MANDIRI,Not Found
THURSINA MEDIANA UTAMA,18111
TIARA FAJAR TRANSPORTINDO,Not Found
TIGA FASA KOMPONEN,Not Found
TIGA RODA RENTALINDO,Not Found
TIGA WARNA JAYA INDONESIA,Not Found
TIGAMAS MITRA SELARAS,Not Found
TIGATUJUH CORGAS ESENSIAL,Not Found
TIKKA INDAH SEJAHTERA,Not Found
TIMUR LAUTAN SUKSES,23990
TIRTA TALAGA JAYA,Not Found
TIRTHA DASA LINTAS NUSA,Not Found
TITAN TEKNIKATAMA INDONESIA,28221
TONGCHENG MAGNET WIRE,27320
TOP ADI PERKASA,Not Found
TRAINERS MANAGEMENT INDONESIA,Not Found
TRANS HYBRID COMMUNICATION,Not Found
TRENGGINAS UNGGUL ABADI,Not Found
TRI BUMI PERTIWI,Not Found
TRI EKA KREASI MODA,Not Found
TRI KARYA SELARAS MANDIRI,Not Found
TRIAJI MANDIRI TEKNIKA,Not Found
TRIANA HARVESTINDO NUSANTARA,13132
TRIANA NUR PANJALU,Not Found
TRIDAYA MANDIRI TEHNIK,Not Found
TRIDAYA RESIK PERKASA,Not Found
TRIDAYA SINERGI INDONESIA,Not Found
TRIDHARMA POLAKARSA,20231
TRIKEM TIRTA BENING PERKASA,
TRIMANDIRI PLASINDO,22299
TRIO MOTOR,45201
TRIPOLA PANATA,Not Found
TRISAKA SINERGI UTAMA,Not Found
TRITUNGGAL POWERINDO UTAMA,Not Found
TRIVETSA LANCAR ABADI,Not Found
TUGU MUDA PRIMA,Not Found
TUJUH COSME INDONESIA,Not Found
TULIP PROMO KARYA,Not Found
TUNAS BARU SURYA PERKASA,Not Found
TUNAS DWIPA MATRA,45407
TUNAS JAYA RAYA ABADI,Not Found
TUTU KEKAL,Not Found
TYOTECH MANDIRI JAYA,Not Found
UBER SINAR DEWATA,
UNIE SARANA MANDIRI,Not Found
UNITED CHEMICALS INTER ANEKA,Not Found
UNITED REFRIGERATION,Not Found
UPAYABUMI GRAHASEJAHTERA,Not Found
USAHA TANGGUH MANDIRI,Not Found
USRA TAMPI INDONESIA,22293
V TWO CONSULTING,Not Found
VANADYA ANUGERAH PRATAMA,Not Found
VARION SUKSES MAKMUR,Not Found
VIRCHO JAYA ABADI,Not Found
VIRGI MOTOR CIKARANG,Not Found
WAHANA LOGISTIK SEMESTA,Not Found
WAHANA MAKMUR SAKTI,Not Found
WAHANA MAKMUR SEJATI,Not Found
WAHANA REKSA CEMERLANG,Not Found
WALDEN GLOBAL SERVICE,Not Found
WANANTARA ALESHA SADHANA,Not Found
WASKHITA ADI SEJAHTERA,28199
WASKITA MULTITRADA JAYA,Not Found
WASTU KENCANA,10431
WIDAL KREASI WISESA,Not Found
WIENNEXINDO SOLUTION,Not Found
WILDANES KERTAJAYA INDONESIA,Not Found
WIN DISTRIBUSI NUSANTARA,Not Found
WIRA AGUNG,16221
WIRA KARYA JAYA,Not Found
YAKULT INDONESIA PERSADA,10590
YAMA EKSPRES,Not Found
YAS TRANS SARELINDO,Not Found
YAZUHO AUTO,22192
YI JIN INDUSTRY,Not Found
YUDHISTIRA GHALIA INDONESIA,18111
YUWANA EKA SEJATI SENTOSA,Not Found
ZAHLETHA MANDIRI INDUSTRI,Not Found
ZAHRA TRANS INDONESIA,Not Found
ZAPUDI EXPRESS,Not Found
ZENTECH PRIMA KREASINDO,18111
ZIEBAR INDONESIA,Not Found
ZIMMER PANCEN OYE,Not Found
BAKRIE PIPE INDUSTRIES,24103
BANGUN TALA PRATAMA,Not Found
BANK JABAR BANTEN SYARIAH,Not Found
BANK PERKREDITAN RAKYAT ARTHAGUNA SEJAHTERA,Not Found
BPR MITRA RUKUN MANDIRI,Not Found
ELEGANT INDONESIA,15129
HALIA TEKNOLOGI NUSANTARA,
MEGAH KAYU INDUSTRI,
NYALINDUNG,Not Found
PRESENTOLOGICS,Not Found
SATHRUSI KOMODITI INDONESIA,Not Found
SETIA SAMUDRA ABADI,Not Found
SINAR MULIA PLASINDO LESTARI,
SINTA PRIMA FEEDMILL,10801
SURYA MAKMUR JAYA,Not Found
TELUBUNG JAYA ABADI,Not Found
TRANS GEO INDONESIA,Not Found
WIRAKARYA TEKNOLOGI INDONESIA,Not Found
9 SQUARE,Not Found
AGRO CHEMICA,24101
ALPHA DUTA,Not Found
AMANDA,20232
AMARTYA BAGASPATI,Not Found
ANDARA TUJUH DELAPAN,Not Found
ANTAKESUMA INTI RAHARJA,33121
ANUGERAH JAYA LESTARI,Not Found
ANUGRAH MANDIRI COOLINDO,Not Found
ANUGRAH SEJAHTERA,45407
ARALIA ARTHA MANDIRI,Not Found
ARIS DOA IBU,Not Found
ARSI LABORA UTAMA,Not Found
ARYA GUNA USAHA,Not Found
AS PUTRA RAHMAT,Not Found
ASPUTRA RAHMAT,Not Found
AUTO TEKNIK JAYA,Not Found
AZMAR ELEKTRIK,Not Found
BANGUN CITRA LESTARI,
BAROKAH SEMBILAN DELAPAN SEMBADA,Not Found
BERKARYA BAGI BANGSA,Not Found
BERKAT JAYA ABADI,Not Found
BI-ENSI FESYENINDO,Not Found
BINTANG TALI MAS,Not Found
BIRO JASA ADI JAYA,Not Found
BIRO TEKNIK SIEM S,Not Found
CABINE GRAHA DECO,Not Found
CAHAYA BUANA,31004
CEMARA GUNA LESTARI,Not Found
CITRA GLOBAL INTIKARYA,Not Found
DHARMA MULYA SEJAHTERA,Not Found
DIALOGUE PUTRA PRIMA,Not Found
DINAMIKA MULTINDO,Not Found
DMA MEDIA,Not Found
DUA PUTRI ADYATAMA,Not Found
DUNIA KOMPUTER,Not Found
DUTA RAYA ABADI,Not Found
DUTA SETIA GARMEN,13921
DWI SURYA NUSANTARA,Not Found
DWITUNGGAL MEKAR ABADI,Not Found
EGA MEGATEC,Not Found
ESBE,35302
EUPHORBIA LANSCAPE,Not Found
GAMAN SAKTI,Not Found
GEMILANG HARAPAN,Not Found
GEMILANG JAYA BANDUNG,Not Found
GEMILANG JAYA BEKASI,Not Found
GEMILANG JAYA CIKAMPEK,Not Found
GEMILANG JAYA CIKARANG,Not Found
GENERASI AKTIF BERKARYA,Not Found
GHIFARI YUBI SANKARA,Not Found
GLOBAL MANDIRI NUSANTARA,Not Found
GLOBALINDO PERKASA ENGINEERING,Not Found
GOLD STONE INDONESIA,Not Found
GPR TRANS,Not Found
GRAFIKA SENTOSA MANDIRI,Not Found
GREAT ROYALE,Not Found
GRIYA ANNUR,
GUNA MOTOR,Not Found
HABDHILAH BUANAPUTRA,Not Found
HANGGAR AUTOWORKS,Not Found
HEMAT,
HERLIN JAYA,Not Found
IBNU ASMAL,Not Found
IBNU ASMAL MONO,Not Found
IMMANUEL KNITING,13921
INDONESIA JAYA,20232
INTAN JAYA BOGOR,Not Found
INTAN JAYA SUKABUMI,Not Found
JALA LANGKA SAKTI,Not Found
JAMPANG PRASASTI UTAMA,Not Found
JAPANINDO LESTARI,Not Found
JAVA MAKMUR ABADI,Not Found
JAYA MANDIRI PLASTIK,
JAYA SETIAWAN,Not Found
KARUNIA MANDIRI,30912
KARYA CIPTA LESTARI,Not Found
KARYA INDAH MOTOR,Not Found
KENANGA JAYA,Not Found
KINASIH KONSULTAMA,Not Found
KIRANA MOTORINDO JAYA,
KOTO SEJAHTERA BERSAMA,Not Found
KREASI PRIMA,30912
KREASI SARANA TEKNIK,Not Found
LAKSANA LINGGA BUANA,Not Found
LEGA HATI KITA,Not Found
LIBERTON,Not Found
LILITEX JAYA,Not Found
LINTANG ALFARIA,Not Found
MAGNA MULIA,Not Found
MAHARDHIKA PASIR MANDIRI,Not Found
MANDALA INTEGRITY,Not Found
MANDALA WICAKSANA,Not Found
MANDIRI JAYA,
MANDIRI SEJAHTERA,14111
MANDIRI SUKSES SENTOSA,Not Found
MAWAR CIPTA MANDIRI,20231
MEGA,14120
MEKAR SARI AGUNG SANTOSO,Not Found
MITRA JAYA,
MITRA JAYA RAYA,Not Found
MITRA MEDIKA,Not Found
MITRA MEDIKA ADISATYA,Not Found
MITRA SEHATI JAYA,Not Found
MUBINA HESKINA ANUGERAH,Not Found
MUGI JAYA,Not Found
MULTAZAM MAKMUR MANDIRI,Not Found
MULTI BINTANG KREATIF,Not Found
NATA DAYA MANDIRI,Not Found
NIAGA CIPTA ELEKTRIK,Not Found
NUSA RESOURCE TRUSTINDO,Not Found
NYLAND ANUGERAH JAYA,Not Found
PASKAL TRIJAYA FOOD,Not Found
PRISMA SURYA GEMILANG,Not Found
PUDAK SCIENTIFIC,25920
PUPUT BERSAUDARA,Not Found
PURI'S,Not Found
PUTERACO ENGINEERING,Not Found
QMAX MANDIRI UTAMA,Not Found
QUANTUM MEDIA SOLUSINDO,Not Found
RAJAWALI PUTRA,12011
RAMA,16211
RASENDRIA SEJAHTERA,Not Found
RATU NEETA BOGATAMA,Not Found
RATUR INTERNUSA ABADI,Not Found
REJEKI PUTERA MANDIRI,
REVAND PUTRA MANDIRI,Not Found
REZEKI TAK TERDUGA,Not Found
RICKY JAYA,Not Found
RIDING STYLE INDONESIA,Not Found
RIFANA MULYA ABADI,Not Found
RODA MITRA LESTARI,Not Found
RUMINGKANG RAHARJA,Not Found
SAKANTI,Not Found
SALERO BUNDO JAYA,Not Found
SALSA JARING PERSADA,Not Found
SANDANG JAYA ABADI,Not Found
SAP,
SARANA KARYA MANDIRI,Not Found
SARLIM CAKRAWALA UTAMA,Not Found
SINAR JAYA,12011
SINAR KEWENI BARU,Not Found
SINAR LAKSANA JAYA,Not Found
SIRALUTO JAYA ABADI,Not Found
SMART EDUCATION GROUP,Not Found
SOLAN,18111
SQUAD MULTI SOLUTION,Not Found
STAIRS STUDIO,Not Found
SUKSES KELOLA ANUGERAH,Not Found
SUMBER REJEKI,10801
SUNGAI INDAH,13132
SUPRA JAYA MOTOR,Not Found
SURYA DJAYA ABADI,Not Found
SURYA JAYA ABADI,Not Found
SURYA JAYA UTAMA,Not Found
SURYA SAKTI METALINDO,Not Found
SURYA WIJAYA SEJAHTERA,Not Found
SYAREKAH JAYA,Not Found
TEX STAR TRADING,Not Found
THREE JAYA TEKNIK,Not Found
TINTIN,
TOGA NUSANTARA,21022
TRIPLE TUJUH,Not Found
TRIPUTRA LESTARI,Not Found
TUMBUH SUBUR MAKMUR,Not Found
UAP AIR MANDIRI,Not Found
URBANINDO DEVELOPMENT,Not Found
VINNO JAYA,Not Found
WAHANA GUNA SANTOSA,Not Found
WONGCI BERKAH MANDIRI,Not Found
YRAMA WIDYA,Not Found
ADHITAMA MULTI PAINT,Not Found
AGUNG PESONA UTAMA,Not Found
AGUNG MOTOR,Not Found
AMARTA SEKAWAN,Not Found
AMAZON PET INDO,Not Found
ANUGERAH DUA SAHABAT,Not Found
ANUGRAH MANDIRI COOLINDO,Not Found
ARICO JAYA,Not Found
ARKANA SATYA ARDANA,Not Found
ARMEY JAYA MANDIRI,Not Found
ARYA ABADI MOTOR,Not Found
ASIA NUSANTARA GLOBAL,Not Found
AYAM PERKASA JAYA MEAT SHOP,Not Found
BAHTERA AGUNG,Not Found
BANCAKAN,Not Found
BANDUNG CAHAYA OTOPART,Not Found
BANDUNG KARYA DIESEL,Not Found
BANDUNG KEMASAN,Not Found
BANGUN ARTHA GUNA SEDAYA,Not Found
BANGUN CITRA LESTARI,
BANGUN SUKSES MANDIRI,Not Found
BASMALLAH FOOD,21022
BEN KURNIA ABADI,
BERKAH,32300
BERKAH AKMAL RAIHAN,Not Found
BERKAH BERSAMA,
BERKAT ABADI TEHNIK,Not Found
BERSAMA FAMILY AMK,Not Found
BINA PUSTAKA,18111
BINTANG GLOBAL MANDIRI,Not Found
BINTANG MESIN WIDLEY,Not Found
BIZMEDIA MANDIRI ABADI,Not Found
BOGA SAMITRA,Not Found
BUANA MEKAR MAKMUR,20116
BUDIMAN MOTOR,Not Found
CAHAYA KASIH HATI,Not Found
CAHYA KARUNIA JAYA,Not Found
CIAMIS MAKMUR SEJAHTERA,Not Found
CIJERAH JAYA SANITARI,Not Found
CIKARANG JAYA MOTOR,Not Found
CIPTA INDAH LESTARI,Not Found
CIPTA USAHA PRIMA,Not Found
CLASSY DECOR INDONESIA,Not Found
DADI ARTA NAYA,Not Found
DELIMA MANDIRI,29200
DELTAMAS MAKMUR PERKASA,Not Found
DENNISA MARINAS UTAMA,Not Found
DHARMAPUTRA,Not Found
DWITA KARYA,Not Found
EVA RELINA PUTRA,Not Found
FACINTAMA FLORA KARYA,Not Found
FELINDO ULTIMA JAYA,Not Found
FORTUNA,25910
FRINSA AGROLESTARI,Not Found
GEMILANG,17022
GEMILANG JAYA BANDUNG,Not Found
GEMILANG JAYA BEKASI,Not Found
GEMILANG JAYA CIKAMPEK,Not Found
GEMILANG JAYA GARUT,Not Found
GEO SYLVA LESTARI,Not Found
GOLDY JAYA,Not Found
GRAHA MULIA UTAMA,Not Found
GUNUNG JATI,22292
GUNUNG PUTRI MOTOR,Not Found
HARAPAN MANDIRI,10761
HAVANA,Not Found
HENDRA BEREA,Not Found
IBNU ASMAL,Not Found
IBNU ASMAL MARLIDA,Not Found
INDO GROUP,63112
INTAN JAYA SUKABUMI,Not Found
JANURAGA CIPTA SEJAHTERA,Not Found
JASA KARYA NUSANTARA,13921
JASMINE JAYA,Not Found
JAWARA KARSA AGUSTO,Not Found
JAYA ABADI MANDIRI,Not Found
JAYA MAKMUR ABADI,10761
JAYA TANI MAKMUR,Not Found
JENDELA MAS,Not Found
KARYA CIPTA LESTARI,Not Found
KARYA PERDANA,26210
KELLY ANUGRAH MANDIRI,Not Found
KEMASINDO CEMERLANG,Not Found
KIMASA,Not Found
KLINIK CIBADAK FARMA,Not Found
KOMBI SEHAT SEJAHTERA,Not Found
KREASI BUNDA,Not Found
KREASI MEDIA KOMPUTASI,Not Found
KREASI PRIMA,30912
LAMBERTUS MANJADDA (LMJ),Not Found
LANGGENG MANDIRI,
LESTARY MOTOR,Not Found
LILING GRAND INDONESIA,Not Found
MAC HOME AC SPECIALIST,Not Found
MAJU ABADI JUJUR UTAMA,Not Found
MAJU PANJUNAN,Not Found
MANDIRI CIPTA METALINDO,Not Found
MAWAR CIPTA MANDIRI,20231
MEGA KARYA NIRWANA,Not Found
MEGA MAKMUR BANGUNAN,Not Found
MEGA SAMUDRA ABADI,Not Found
MENEMUI PASIR MUTIARA,Not Found
MENOTEMBO KONGO,Not Found
MICROTECH,Not Found
MILLENIUM PUTRA MOTOR,Not Found
MITRA JAYA,
MITRA MANDIRI,
MITRA SAPUTRA,Not Found
MITRA SUKSES DISTRIBUSINDO,Not Found
MITRA USAHA,
MIURA LIMAN INDONESIA,Not Found
MOGADEEN ALTERNATIVE PARTS,Not Found
MUANAM BUDI JAYA,Not Found
MULIA HATI GEMILANG,Not Found
MULIA JAYA,45407
MULTAZAM MAKMUR MANDIRI,Not Found
MULTI ANUGERAH,
MULTI SARANA,
MUTIARA BARA TIMUR,Not Found
NAGAMAS MITRA ABADI,Not Found
NAGARAYA CIPTA SEMESTA,Not Found
NARENDRA TEKNIKATAMA,Not Found
NOVAL AASIYAH AL FAZZA,Not Found
NURUL MAKMUR JAYA,Not Found
PANCA PRO INDONESIA,Not Found
PARA KANCA SEJAHTERA,Not Found
PESONA CIWIDEY,Not Found
PESONA WARNA TEXTILE,Not Found
PRIANGAN MANUNGGAL SEJAHTERA,Not Found
PRIMA ANGKASA,Not Found
PRIMA SAKTI MOTOR,Not Found
PUDAK SCIENTIFIC,25920
QION'S PUTRA PERKASA,Not Found
RAJA AUTO MAKMUR,Not Found
RAJAWALI DECORATION,Not Found
RATU CAHAYA,Not Found
RATU NEETA BOGATAMA,Not Found
REJEKI PUTERA MANDIRI,
REJODADI NASIONAL TRANSPORTASI,Not Found
REZTU,Not Found
ROMORAJAYA,Not Found
RUMAH KAIN,Not Found
SAM,
SAMPURNA PART NIAGA,Not Found
SANTOSA KUSUMA,Not Found
SAP,
SARANA ABADI MANDIRI,Not Found
SARI LAUT,10293
SEJATI JATAYU MANDIRI,Not Found
SEMANGAT JAYA BERSAMA PLERED,Not Found
SHD - TRANS,Not Found
SHINJA MISINDO ABADI,Not Found
SINAR JAYA,12011
SINARMAS MOTOR,Not Found
SINGA MAS,10411
SOFIYAN MANDIRI,Not Found
SUBUR JAYA,
SUBUR MAKMUR JAYA,Not Found
SUKSES MAKMUR,28291
SUMBER JAYA ABADI,12011
SUMBER REJEKI,10801
SURYA GEMILANG PERKASA,Not Found
SURYA WIJAYA SEJAHTERA,Not Found
TIGA JAYA,
TIRTA MAS MOTOR,Not Found
TREESBEE,
TRI KARYA MANDIRI,Not Found
TRIDAYA TECHNIK,Not Found
TRIDJAYA ANUGERAH SUKSES,Not Found
TUNAS TANI MAKMUR,Not Found
USAHA ABADI RASA,10130
VALERIE ANDARA KIANI,Not Found
VARFORCEA NOWLY,Not Found
VICTORY BINTANG BAJA,Not Found
WAJAN BAJA GEMILANG,Not Found
WAWASAN SATU INDONESIA,Not Found
WIRA UTAMA,18112
WIRATAMA SOLUSI KREASI,Not Found
WIRELESSINDO,Not Found
YOGA RASA UTAMA,Not Found
AGUNG JAYA ABADI,14111
PANCA BERSAUDARA,Not Found
PUTRA NARATAS PERDANA,Not Found
SHAMARA SEJAHTERA,Not Found
TORKA,Not Found
PARAHYANGAN INDAH,Not Found
PB. NAHDATUL ULAMA,Not Found
PENDIDIKAN TINGGI PASUNDAN,Not Found
RUMAH SAKIT ISLAM TASIKMALAYA,Not Found
ULIL ALBAB,Not Found
WAQAF AL-MUHAJIRIEN JAKAPERMAI,Not Found
ADZKIA DAMIRI,Not Found
AL AMIN HIDAYATULLAH BANDUNG,Not Found
AL ARIF CIAMIS,Not Found
AL BAHJAH,Not Found
AL IKHLAS 86,Not Found
AL-IHYA INDONESIA,Not Found
AL-IKHLAASH BARANANGSIANG INDAH,Not Found
AL-MAS'UDIYAH,Not Found
AL-MUSADDADIYAH,Not Found
AL-UMMAHAT BEKASI,Not Found
ANNIZARIYYAH,Not Found
ASSABILATUL MUNAWWAROH,Not Found
AS-SYIFA AL KHOERIYAH,Not Found
ASTRA HONDA MOTOR,30911
BADAN PENDIDIKAN KRISTEN PENABUR,Not Found
BAITUL MAAL PLN,Not Found
BAITUL MAAL PT PLN,Not Found
BAKTI TUNAS HUSADA,Not Found
BEBAS SELAMAT INDONESIA,Not Found
BERKAH BAGI BANGSA,Not Found
BINA PRESTASI INDONESIA GEMILANG,Not Found
BINA UMAT UBAY BIN KAAB,Not Found
CAHAYA INSANI INDONESIA,Not Found
CANDI MAHA PANCABALA BANDUNG,Not Found
DAARUL HUSNA PARONGPONG,Not Found
DAARUT TAUHID,Not Found
DAKWAH HIDAYATULLAH PSTJAKARTA CABANGJABAR,Not Found
DARUL HIKAM BANDUNG,Not Found
DARUT TAUHID PEDULI,Not Found
DESA BERDAYA,Not Found
DOMPET DHUAFA REPUBLIKA,Not Found
FORUM PEMUDA BANGUN NEGERI,Not Found
GENERASI PEMBAHARU BANGSA,Not Found
GENERASI TANGGUH MULIA,Not Found
GERAKAN MEMAKMURKAN MASJID,Not Found
GLOBAL CAHAYA NUBUWWAH INSANI,Not Found
HAWILA BAHTERA MANNA,Not Found
HIDAYAH AMALIAH NIZAMUDDIN,Not Found
HURIP WALUYA,Not Found
INISIASI ALAM REHABILITASI INDONESIA,Not Found
INSTITUT TEKNOLOGI BANDUNG,Not Found
ISLAM AL HUDA BOGOR INDONESIA,Not Found
KARYA AKADEMI TEHNIK MESIN INDUSTRI,Not Found
KESEJAHTERAAN PEGAWAI BANK PEMBANGUNAN DAERAH JAWA BARAT DAN BANTEN,Not Found
KOPTIK ORTODOKS DI INDONESIA,Not Found
LEMBAGA PENGEMBANGAN SUMBERDAYA HUTAN IND,Not Found
MARDI YUANA,
MARGA ASAH TALENTA,Not Found
MARGASATWA TAMANSARI,Not Found
MARKAZ QURAN UTRUJAH,Not Found
MOCHAMAD THOHIR,Not Found
MULIA MEISOU INDONESIA,Not Found
MUTIARA CINTA BUDAYA,Not Found
PARAHYANGAN INDAH,Not Found
PARAHYANGAN SATYA,Not Found
PB. NAHDATUL ULAMA,Not Found
PELANGI ILMU PELITA IMAN,Not Found
PEMBINA ASUHAN BUNDA,Not Found
PENDIDIKAN DAYANG SUMBI,Not Found
PENDIDIKAN ISLAM AL-KAUTSAR,Not Found
PENDIDIKAN ISLAM DAN SOSIAL SATU HIJRIYAH 1427,Not Found
PENDIDIKAN SEBELAS APRIL SUMEDANG,Not Found
PENDIDIKAN TINGGI PASUNDAN,Not Found
PERSATUAN ISLAM PERSIS,Not Found
PONDOK PESANTREN DARUSSALAM,Not Found
RAHMATANLILALAMIN AL AMANAH,Not Found
RUMAH SAKIT ISLAM TASIKMALAYA,Not Found
SAHABAT LINGKUNGAN HIDUP,
SEMAI SINERGI UMAT,Not Found
SOS DESA TARUNA,Not Found
SOSIAL DAN PENDIDIKAN ISLAM DARUSSYIFA AL FITRAT SUKABUMI,Not Found
TARBIYAH SUNNAH,Not Found
TARBIYAH SUNNAH LEARNING,Not Found
TARBIYATUL ISLAMIYAH,Not Found
THE FORERUNNERS OF GOODNESS,Not Found
UNISBA,Not Found
UNIVERSITAS GARUT,Not Found
UNIVERSITAS KATOLIK PARAHYANGAN,Not Found
WAKAF SAHID HUSNUL KHOTIMAH,Not Found
ZAD AL-INSANIYYAH CIPANAS,Not Found
JATARA,Not Found
KRISTINA JAYA MANDIRI,Not Found
MITRA DHUAFA,Not Found
JASA,28130
SRY REJEKI,Not Found
KARYAWAN BTN KARAWANG,Not Found
KARYAWAN PT ASURANSI EOR INDONESIA,Not Found
SERBA USAHA MITRA SAUDARA,Not Found
PEGAWAI PTSWADHARMA SARANA INFORMATIKA,Not Found
EGTEL KANTOR PERUSAHAAN,Not Found
ABADI BERSAMA JAYA,Not Found
ABI UMI BERKAH,Not Found
ANDAN PUTRA MANDIRI,Not Found
ANGKUTAN UMUM BUDI LUHUR,Not Found
ASINAGABE,Not Found
BERKAT TWIN MANDIRI (BTM),Not Found
BINTANG JAYA PRATAMA,Not Found
BMT ITQAN,Not Found
BPR TANJUNG RAYA,Not Found
BUDHI KARYA,Not Found
CAHAYA MANDIRI,
CITRA BUANA ARTHA,Not Found
CITRA JAYA II,Not Found
DTU SYARIAH,Not Found
FORTUNA MANDIRI ABADI,Not Found
GABE ARTHA SEJAHTERA,Not Found
HARAPAN BARU,
HARAPAN KITA,33121
INSAN BERSAMA SEJAHTERA,Not Found
JASA PEMASARAN POJOK SYARIAH,Not Found
JASA SYARIAH KARANGGAAN LEMBUR MANDIRI,Not Found
JASA SYARIAH KHAIRU UMMAH,Not Found
JAYA BERSAMA,23953
KAR BANK PASAR KOTA BOGOR JASAKARYA,Not Found
KARISMA MITRA AMANAH,Not Found
KARYA JAYA SENTOSA,13133
KARYAWAN AL-MUHAJIRIEN JAKAPERMAI,Not Found
KARYAWAN ASSYIFA,Not Found
KARYAWAN SETIA KAWAN PT BAKRIE AUTOPARTS,Not Found
KARYAWAN UIKA,Not Found
KHARISMA JAYA,16101
KONSUMEN BERSAMA SAFFRIL JAYA,Not Found
KONSUMEN BINA USAHA MANDIRI INDONESIA,Not Found
KONSUMEN HOTMAN JAYA MANDIRI,Not Found
KONSUMEN LABANA JULIUS MANDIRI,Not Found
KONSUMEN MITRA ARTHA BANK BJB CABANG CJR,Not Found
KONSUMEN PARNA JAYA MANDIRI,Not Found
KONSUMEN PUTRA MANDIRI SEJAHTERA,Not Found
KONSUMEN SARI ATER,Not Found
KONSUMEN SEHATI JAYA MANDIRI,Not Found
KONSUMEN TUNAS GABE MANDIRI,Not Found
SEJAHTERA ABADI,12012
KAR JASA MARGA BHAKTI VIII,Not Found
KPRI KANCA WINAYA,Not Found
KREDIT PELANGI KASIH,Not Found
KREDIT SEJAHTERA,Not Found
BERKAT USAHA MANDIRI,Not Found
KARYATAMA,23990
DIT WAHANA MULIA,Not Found
KRISTINA JAYA MANDIRI,Not Found
MULANA MANDIRI,Not Found
ORION MARGANDAJAYA,Not Found
PRIMA JAYA ABADI,33200
MAULANA MANDIRI,
MULANA MANDIRI,Not Found
PS KHAIRU UMMAH,Not Found
PS MITRA ANGGOTA (SIRaA),Not Found
KSU DEVI MANDIRI JAYA,Not Found
KSU FRANS ARON JAYA,Not Found
MAJELIS TA'LIM AL AMANAH,Not Found
MAULANA MANDIRI,
MITRA JAYA MANDIRI SEJAHTERA,Not Found
MUTIARA JAYA SEJAHTERA,Not Found
PADAMUKTI,Not Found
PANDU MANDIRI JAYA,Not Found
PEDAGANG PASAR KRANGGAN,Not Found
PEGAWAI BANK TABUNGAN NEGARACABANG BANDUNG,Not Found
PEGAWAI DANA PENSIUN TELKOM,Not Found
PEGAWAI PERUM PERURI (ETRI),Not Found
PEGAWAI PT SWADHARMA SARANA INFORMATIKA,Not Found
PELITA DAMAI,Not Found
PEMASARAN BINTANG KEJORA CIANJUR,Not Found
PEMASARAN MITRA MORA JAYA,Not Found
PERMATA ABADI SEJAHTERA,Not Found
PETERNAK SAPI BANDUNG UTARA (KPSBU),Not Found
PRIMA JAYA ABADI,33200
PRIMER KARTIKA WIJAYAKARTA,Not Found
PRIMAU MAKO KOHARMATAU,Not Found
PUSKAR PTPN VIII,Not Found
REZEKI MAJU JAYA,Not Found
ROLAS ULI JAYA,Not Found
SEKAWAN DEBAR MANDIRI,Not Found
SERBA USAHA CAHAYA MANDIRI,Not Found
SERBA USAHA DOS NI ROHA,Not Found
SERBA USAHA JAYA ABADI,Not Found
SERBA USAHA KARYA BERSAMA KABUPATEN GARUT,Not Found
SERBA USAHA KARYA NIAGA,Not Found
ASIDO JAYA MANDIRI,Not Found
BANGUN JAYA JAYAKARTA,Not Found
BIMA SAKTI MANDIRI,Not Found
BINA ARTA REZEKI,Not Found
BINA BERSAMA MAKMUR,Not Found
CIPTA DANA,Not Found
CITRA BUANA ARTHA,Not Found
CITRA MANDIRI JABAR,Not Found
DAN PEMBIAYAAN SYARIAH BMT ITQAN,Not Found
GABE ARTHA SEJAHTERA,Not Found
KARYA BAITUL MANDIRI,Not Found
KARYA BERSAMA PRIMA,Not Found
KRISTINA JAYA,Not Found
MAHESSA JAYA MANDIRI,Not Found
MARASI GABE MULIA,Not Found
MARASI GABE MULIA (MGM),Not Found
MARIO DAMAI SEJAHTERA,Not Found
MARNI JERMIA PARTOGI,Not Found
MILLARDO DAMAI SEJAHTERA,Not Found
MITRA DHUAFA,Not Found
MITRA MANUGGAL,Not Found
MITRA MANUNGGAL,22293
MITRA USAHA MANDIRI,Not Found
MULANA JAYA,Not Found
PUTRA WIJAYA MANDIRI,Not Found
RENTHA JAYA ANUGERAH,Not Found
RUKUN SEJAHTERA,
SINAR GUMAY INDONESIA,Not Found
SINERGI ANUGERAH TERPADU,Not Found
SUKABUMI SEJAHTERA BERSAMA,Not Found
SWADAYA MANDIRI,Not Found
SYARIAH BAITURRAHIM,Not Found
TEKAD MAKMUR,Not Found
SINAR GUMAY,Not Found
SITINJAK MARSADA JAYA,Not Found
SOALA GOGO JAYA,Not Found
SP TRIMANUNGGAL SEJAHTERA ABADI,Not Found
SPPS BUNGA SINAR MENTARI,Not Found
SPPS TUNAS ARTHA MANDIRI,Not Found
SUMBER MAKMUR,10437
SUMBER MAKMUR PROP JAWA BARAT,Not Found
SWADHARMA WILAYAH 04 BANDUNG,Not Found
TERATAI MANDIRI,Not Found
TIRTA KARYA PDAM,Not Found
TRI MITRA SEJAHTERA BERSAMA,Not Found
TUBANGARNA SIANIPAR JAYA,Not Found
UNIT DESA BAYONGBONG,Not Found
KAR PT PLN (PERSERO) CITRA PIJAR,Not Found
KAR PT PLN (PERSERO) GITRA PIJAR,Not Found
RASI TRIMANUNGGAL SEJAHTERA ABADI,Not Found
BANDUNG JAYA PRATAMA,Not Found
BANGUN JAYA JAYAKARTA,Not Found
KRISTINA JAYA JABAR,Not Found
MAHESSA JAYA MANDIRI,Not Found
PUTRA WIJAYA MANDIRI,Not Found
TRIMANUNGGAL SEJAHTERA ABADI,Not Found
PS AL USWAH INDONESIA,Not Found
PS BMT ANUGRAH BERKAH,Not Found
